parameter,model_name,mae,rmse,residual_std,pearson_r,residual_kurtosis,simulated_clean_fa_pct_at_3sigma
temperature_c,A_Persistence,1.0573,1.3788,1.3788,0.0,0.7731,0.364
temperature_c,B_Local_Trend,0.5871,0.8441,0.8441,0.8126,9.7657,1.307
temperature_c,C_Diurnal_Solar,0.3801,0.5472,0.5472,0.9179,16.1633,1.374
temperature_c,D_Peer_Common_Mode,1.0573,1.3788,1.3788,0.0,0.7731,0.364
temperature_c,E_Fused_Context,0.3801,0.5472,0.5472,0.9179,16.1633,1.374
temperature_c,F_Damped_Trend,0.8272,1.1169,1.1169,0.8126,1.7289,0.645
pressure_hpa,A_Persistence,0.5662,0.6813,0.6813,0.0,-0.6519,0.048
pressure_hpa,B_Local_Trend,0.3642,0.4621,0.4621,0.77,1.3481,0.583
pressure_hpa,C_Diurnal_Solar,0.1872,0.2474,0.2474,0.9317,3.4548,0.943
pressure_hpa,D_Peer_Common_Mode,0.5662,0.6813,0.6813,0.0,-0.6519,0.048
pressure_hpa,E_Fused_Context,0.1872,0.2474,0.2474,0.9317,3.4548,0.943
pressure_hpa,F_Damped_Trend,0.4601,0.5607,0.5607,0.77,-0.3734,0.129
humidity_pct,A_Persistence,4.1049,5.6434,5.6434,0.0,1.6425,0.914
humidity_pct,B_Local_Trend,3.0375,4.5536,4.5536,0.6744,8.1359,1.772
humidity_pct,C_Diurnal_Solar,2.3151,3.2757,3.2756,0.8143,7.5397,1.367
humidity_pct,D_Peer_Common_Mode,4.1049,5.6434,5.6434,0.0,1.6425,0.914
humidity_pct,E_Fused_Context,2.3151,3.2757,3.2756,0.8143,7.5397,1.367
humidity_pct,F_Damped_Trend,3.4038,4.8061,4.8061,0.6744,2.7921,1.115
