parameter,model,mae,rmse,residual_std,residual_mad,cov_50pct_target,cov_80pct_target,cov_95pct_target
temperature_c,A_Persistence,1.1244,1.4566,1.4566,1.0378,54.5,80.6,93.6
temperature_c,B_Local_Trend,0.8821,1.1849,1.1848,0.7784,58.7,81.7,93.2
temperature_c,C_Diurnal_Solar,0.4535,0.6622,0.6622,0.4695,64.0,85.6,94.5
temperature_c,D_Causal_EWMA,0.9812,1.3328,1.3328,0.8552,60.1,81.4,93.0
temperature_c,E_Peer_Common_Mode,1.1244,1.4566,1.4566,1.0378,54.5,80.6,93.6
temperature_c,F_Fused_Context,0.4535,0.6622,0.6622,0.4695,64.0,85.6,94.5
temperature_c,G_Adaptive_Fused,0.4653,0.6813,0.6813,0.4706,64.2,85.5,94.4
pressure_hpa,A_Persistence,0.5853,0.7026,0.7025,0.7413,41.8,81.2,96.4
pressure_hpa,B_Local_Trend,0.4764,0.5789,0.5789,0.6301,45.5,78.8,96.5
pressure_hpa,C_Diurnal_Solar,0.22,0.2881,0.288,0.2649,54.0,82.5,95.2
pressure_hpa,D_Causal_EWMA,0.564,0.6752,0.6752,0.7707,43.7,78.5,97.1
pressure_hpa,E_Peer_Common_Mode,0.5853,0.7026,0.7025,0.7413,41.8,81.2,96.4
pressure_hpa,F_Fused_Context,0.22,0.2881,0.288,0.2649,54.0,82.5,95.2
pressure_hpa,G_Adaptive_Fused,0.227,0.2957,0.2956,0.2749,53.3,82.0,95.2
humidity_pct,A_Persistence,4.1222,5.7239,5.7238,4.4478,57.4,83.2,93.7
humidity_pct,B_Local_Trend,3.4626,4.9475,4.9474,3.3359,63.5,83.4,93.2
humidity_pct,C_Diurnal_Solar,2.6648,3.7734,3.7733,2.876,61.3,85.1,94.8
humidity_pct,D_Causal_EWMA,3.7826,5.3905,5.3904,3.3853,63.2,82.8,93.0
humidity_pct,E_Peer_Common_Mode,4.1222,5.7239,5.7238,4.4478,57.4,83.2,93.7
humidity_pct,F_Fused_Context,2.6648,3.7734,3.7733,2.876,61.3,85.1,94.8
humidity_pct,G_Adaptive_Fused,2.619,3.748,3.7479,2.7246,62.0,85.3,94.7
