subset,metric,count,mean,p25,median,p75,p90,p95,p99
Common_TPs,temperature_c_delta_raw,74265,2.7231690591126427,0.0,0.0,0.6999999999999993,8.100000000000001,12.899999999999999,64.48021498522957
Common_TPs,temperature_c_residual,74265,2.7231690591126427,0.0,0.0,0.6999999999999993,8.100000000000001,12.899999999999999,64.48021498522957
Common_TPs,temperature_c_z_baseline,74265,3.5570776941829814,0.0,0.0,0.0,10.500962402137985,21.43168659085471,57.37828561775201
Common_TPs,temperature_c_z_step7,74265,0.0,0.0,0.0,0.0,0.0,0.0,0.0
Common_TPs,pressure_hpa_delta_raw,74265,20.729072101275204,0.0,0.0,0.39999999999997726,5.142289871303894,11.428664887040126,1008.1783439880763
Common_TPs,pressure_hpa_residual,74265,20.729072101275204,0.0,0.0,0.39999999999997726,5.142289871303894,11.428664887040126,1008.1783439880763
Common_TPs,pressure_hpa_z_baseline,74265,18.57239355487212,0.0,0.0,0.0,3.044401792648162,9.22281426775271,1163.9422054545464
Common_TPs,pressure_hpa_z_step7,74265,0.0,0.0,0.0,0.0,0.0,0.0,0.0
Common_TPs,humidity_pct_delta_raw,74265,6.620939406703683,0.0,0.0,2.0,27.282343806037904,42.0,72.20865214233015
Common_TPs,humidity_pct_residual,74265,6.620939406703683,0.0,0.0,2.0,27.282343806037904,42.0,72.20865214233015
Common_TPs,humidity_pct_z_baseline,74265,3.17337646956866,0.0,0.0,0.0,13.868545974245016,24.135538804415486,42.0
Common_TPs,humidity_pct_z_step7,74265,0.0,0.0,0.0,0.0,0.0,0.0,0.0
Lost_TPs,temperature_c_delta_raw,14712,1.6813614499592218,0.3999999999999986,0.9262072681922984,1.8999999999999986,3.5021458391700726,6.687153976959065,12.93691932103548
Lost_TPs,temperature_c_residual,14712,1.6813614499592218,0.3999999999999986,0.9262072681922984,1.8999999999999986,3.5021458391700726,6.687153976959065,12.93691932103548
Lost_TPs,temperature_c_z_baseline,14712,8.060187842006327,0.0,5.19615242270663,12.817634849008204,21.153204026311936,26.76736133880614,38.92084666022818
Lost_TPs,temperature_c_z_step7,14712,0.0,0.0,0.0,0.0,0.0,0.0,0.0
Lost_TPs,pressure_hpa_delta_raw,14712,1.0258914151169185,0.27305021469607027,0.6000000000000227,1.0429019974042717,2.1000000000000227,3.7000000000000455,9.428396313030662
Lost_TPs,pressure_hpa_residual,14712,1.0258914151169185,0.27305021469607027,0.6000000000000227,1.0429019974042717,2.1000000000000227,3.7000000000000455,9.428396313030662
Lost_TPs,pressure_hpa_z_baseline,14712,2.9259793879333142,0.0,1.3513892033914772,4.156921938165201,8.400624694991263,11.74859970633979,18.612499029239455
Lost_TPs,pressure_hpa_z_step7,14712,0.0,0.0,0.0,0.0,0.0,0.0,0.0
Lost_TPs,humidity_pct_delta_raw,14712,7.232760732581765,1.5113880125014276,4.0,9.0,16.0,27.0,53.0
Lost_TPs,humidity_pct_residual,14712,7.232760732581765,1.5113880125014276,4.0,9.0,16.0,27.0,53.0
Lost_TPs,humidity_pct_z_baseline,14712,12.211019101029596,0.0,10.0,20.072908545976297,29.333333333333332,34.995317685227874,45.4053280732893
Lost_TPs,humidity_pct_z_step7,14712,0.0,0.0,0.0,0.0,0.0,0.0,0.0
Persistent_FNs,temperature_c_delta_raw,1733,1.243096592398119,0.3000000000000007,0.6699835998398598,1.3999999999999986,2.626328479640378,4.508497453432032,10.145483496649254
Persistent_FNs,temperature_c_residual,1733,1.243096592398119,0.3000000000000007,0.6699835998398598,1.3999999999999986,2.626328479640378,4.508497453432032,10.145483496649254
Persistent_FNs,temperature_c_z_baseline,1733,2.4801784508979305,0.5773502691896202,1.2047316562408161,2.6943012562182576,7.098952717257818,9.622504486493762,17.383330173335406
Persistent_FNs,temperature_c_z_step7,1733,0.0,0.0,0.0,0.0,0.0,0.0,0.0
Persistent_FNs,pressure_hpa_delta_raw,1733,0.8239160130338462,0.2492643736284208,0.5,0.8999999999999773,1.5119280484767834,2.7000000000000455,6.9223124571330645
Persistent_FNs,pressure_hpa_residual,1733,0.8239160130338462,0.2492643736284208,0.5,0.8999999999999773,1.5119280484767834,2.7000000000000455,6.9223124571330645
Persistent_FNs,pressure_hpa_z_baseline,1733,1.3871644480704455,0.34641016151372295,0.6928203230275772,1.5011106998929746,3.6950417228136576,5.247056768261444,9.234976382097816
Persistent_FNs,pressure_hpa_z_step7,1733,0.0,0.0,0.0,0.0,0.0,0.0,0.0
Persistent_FNs,humidity_pct_delta_raw,1733,5.765165927487436,1.0,3.0,6.477208909756463,14.0,22.0,43.55841603972596
Persistent_FNs,humidity_pct_residual,1733,5.765165927487436,1.0,3.0,6.477208909756463,14.0,22.0,43.55841603972596
Persistent_FNs,humidity_pct_z_baseline,1733,2.0232008829454635,0.6666666666666666,1.472590885341745,2.862696351636785,4.666666666666667,5.751061252911948,8.0
Persistent_FNs,humidity_pct_z_step7,1733,0.0,0.0,0.0,0.0,0.0,0.0,0.0
