parameter,metric,clean_mean,spike_mean,distribution_separation_d_prime
temperature_c,A_Absolute_Jump,2.562808010010385,6.068482238779315,0.5031380079029615
temperature_c,B_Contextual_Expectation_Residual,2.792391870883018,6.372798194474481,0.5198829275195959
temperature_c,C_Peer_Conditioned_Residual,2.0616124560109985,4.58370819850559,0.33163751758075927
pressure_hpa,A_Absolute_Jump,21.276360540726547,17.51223656338701,-0.030089351939598972
pressure_hpa,B_Contextual_Expectation_Residual,21.690621611462316,17.859575164497592,-0.03064784688320532
pressure_hpa,C_Peer_Conditioned_Residual,18.191618523283935,13.694073998755236,-0.03879714493104407
humidity_pct,A_Absolute_Jump,7.964129355353151,9.009193405147256,0.09621257602846364
humidity_pct,B_Contextual_Expectation_Residual,8.633828314245052,9.86812162781948,0.11163032652925901
humidity_pct,C_Peer_Conditioned_Residual,6.00739731297854,6.460170799379508,0.037257044401294466
