parameter,lag_hours,pearson_r
humidity_pct,-3,0.263197619047619
humidity_pct,-2,0.45377142857142855
humidity_pct,-1,0.6604238095238095
humidity_pct,0,0.8158857142857143
humidity_pct,1,0.6386119047619048
humidity_pct,2,0.4162642857142857
humidity_pct,3,0.22269761904761906
pressure_hpa,-3,0.018873809523809522
pressure_hpa,-2,0.43824523809523813
pressure_hpa,-1,0.7647809523809525
pressure_hpa,0,0.9750500000000001
pressure_hpa,1,0.778254761904762
pressure_hpa,2,0.46372857142857143
pressure_hpa,3,0.049249999999999995
temperature_c,-3,0.38765952380952384
temperature_c,-2,0.6052095238095239
temperature_c,-1,0.8043928571428571
temperature_c,0,0.9322047619047619
temperature_c,1,0.7983357142857143
temperature_c,2,0.5895380952380952
temperature_c,3,0.3645761904761905
