station_id,cluster_id,raw_diff_std,peer_residual_std,baseline_raw_fp_count,peer_subtracted_fp_count
AWS-BHO-030,BHO,0.667,0.1321,0,0
AWS-BHO-101,BHO,0.6828,0.1423,0,2
AWS-BHO-102,BHO,0.6756,0.1345,0,1
AWS-BHO-103,BHO,0.6828,0.1302,0,1
AWS-CHN-024,CHN,0.6634,0.0815,0,0
AWS-CHN-101,CHN,0.6784,0.079,0,0
AWS-CHN-102,CHN,0.676,0.0715,0,0
AWS-CHN-103,CHN,0.7054,0.1082,0,2
AWS-DEL-011,DEL,0.6102,0.1435,0,12
AWS-DEL-101,DEL,0.6214,0.1398,1,8
AWS-DEL-102,DEL,0.6063,0.1931,0,19
AWS-DEL-103,DEL,0.6215,0.1657,1,16
AWS-KOL-015,KOL,0.6973,0.0686,0,0
AWS-KOL-101,KOL,0.6919,0.0915,0,2
AWS-KOL-102,KOL,0.701,0.0854,0,1
AWS-KOL-103,KOL,0.6915,0.1138,0,8
AWS-MUM-007,MUM,0.6564,0.1242,0,0
AWS-MUM-101,MUM,0.7028,0.0859,0,0
AWS-MUM-102,MUM,0.7148,0.1087,0,1
AWS-MUM-103,MUM,0.7266,0.1032,0,0
AWS-RAN-067,RAN,0.7074,0.2026,0,3
AWS-RAN-101,RAN,0.7201,0.2023,0,7
AWS-RAN-102,RAN,0.7082,0.2103,0,15
AWS-RAN-103,RAN,0.7299,0.2245,0,10
AWS-VAR-052,VAR,0.6793,0.0867,0,0
AWS-VAR-101,VAR,0.6778,0.0853,0,0
AWS-VAR-102,VAR,0.6802,0.109,0,1
AWS-VAR-103,VAR,0.6814,0.1333,0,3
