cluster_id,station_id,raw_diff_std,peer_common_mode_std,residual_after_peer_std,variance_reduction_pct,peer_coherence_r
BHO,AWS-BHO-030,0.667,0.6705,0.0965,97.91,0.9896
BHO,AWS-BHO-101,0.6828,0.6705,0.108,97.5,0.9874
BHO,AWS-BHO-102,0.6756,0.6705,0.0988,97.86,0.9893
BHO,AWS-BHO-103,0.6828,0.6705,0.0948,98.07,0.9904
CHN,AWS-CHN-024,0.6634,0.676,0.0594,99.2,0.9962
CHN,AWS-CHN-101,0.6784,0.676,0.0567,99.3,0.9965
CHN,AWS-CHN-102,0.676,0.676,0.0474,99.51,0.9975
CHN,AWS-CHN-103,0.7054,0.676,0.0897,98.38,0.9925
DEL,AWS-DEL-011,0.6102,0.6067,0.0918,97.74,0.9886
DEL,AWS-DEL-101,0.6214,0.6067,0.0876,98.01,0.9901
DEL,AWS-DEL-102,0.6063,0.6067,0.144,94.36,0.9718
DEL,AWS-DEL-103,0.6215,0.6067,0.1154,96.55,0.9826
KOL,AWS-KOL-015,0.6973,0.6943,0.0435,99.61,0.9981
KOL,AWS-KOL-101,0.6919,0.6943,0.0699,98.98,0.9949
KOL,AWS-KOL-102,0.701,0.6943,0.064,99.17,0.9958
KOL,AWS-KOL-103,0.6915,0.6943,0.095,98.11,0.9906
MUM,AWS-MUM-007,0.6564,0.7006,0.0987,97.74,0.9915
MUM,AWS-MUM-101,0.7028,0.7006,0.0545,99.4,0.997
MUM,AWS-MUM-102,0.7148,0.7006,0.0815,98.7,0.9936
MUM,AWS-MUM-103,0.7266,0.7006,0.0747,98.94,0.9952
RAN,AWS-RAN-067,0.7074,0.6992,0.1404,96.06,0.9802
RAN,AWS-RAN-101,0.7201,0.6992,0.1393,96.26,0.9812
RAN,AWS-RAN-102,0.7082,0.6992,0.1493,95.55,0.9776
RAN,AWS-RAN-103,0.7299,0.6992,0.1647,94.91,0.9743
VAR,AWS-VAR-052,0.6793,0.6758,0.059,99.25,0.9962
VAR,AWS-VAR-101,0.6778,0.6758,0.0573,99.29,0.9964
VAR,AWS-VAR-102,0.6802,0.6758,0.0851,98.44,0.9921
VAR,AWS-VAR-103,0.6814,0.6758,0.1112,97.34,0.9866
