parameter,dt_hours,total_delta_var,total_delta_std,total_delta_mad,process_var,process_std
temperature_c,1,1.9002,1.3785,0.9002,1.8802,1.3712
temperature_c,2,6.8906,2.625,1.8241,6.8706,2.6212
temperature_c,3,14.1331,3.7594,2.8275,14.1131,3.7567
temperature_c,4,22.7927,4.7742,3.8468,22.7727,4.7721
temperature_c,6,41.3237,6.4284,5.7901,41.3037,6.4268
temperature_c,8,57.1854,7.5621,7.7042,57.1654,7.5608
temperature_c,12,70.0304,8.3684,11.6199,70.0104,8.3672
temperature_c,18,42.0939,6.488,6.1502,42.0739,6.4864
temperature_c,24,2.518,1.5868,1.3661,2.498,1.5805
temperature_c,48,4.7221,2.173,2.0121,4.7021,2.1684
temperature_c,72,6.1155,2.473,2.4807,6.0955,2.4689
pressure_hpa,1,0.4641,0.6812,0.7572,0.0001,0.01
pressure_hpa,2,1.6431,1.2818,1.4773,1.1431,1.0692
pressure_hpa,3,3.2434,1.8009,2.0809,2.7434,1.6563
pressure_hpa,4,4.8765,2.2083,2.5443,4.3765,2.092
pressure_hpa,6,6.8527,2.6178,2.9811,6.3527,2.5204
pressure_hpa,8,6.1864,2.4873,2.6899,5.6864,2.3846
pressure_hpa,12,3.1425,1.7727,1.9856,2.6425,1.6256
pressure_hpa,18,8.0161,2.8313,3.1029,7.5161,2.7415
pressure_hpa,24,2.2858,1.5119,1.4667,1.7858,1.3364
pressure_hpa,48,5.0188,2.2403,2.0862,4.5188,2.1258
pressure_hpa,72,6.6471,2.5782,2.3536,6.1471,2.4793
humidity_pct,1,31.8334,5.6421,3.9183,29.8334,5.462
humidity_pct,2,106.6464,10.327,7.5719,104.6464,10.2297
humidity_pct,3,208.4626,14.4382,11.0666,206.4626,14.3688
humidity_pct,4,325.1589,18.0322,14.6936,323.1589,17.9766
humidity_pct,6,565.8906,23.7885,21.8419,563.8906,23.7464
humidity_pct,8,766.0844,27.6782,28.4077,764.0844,27.6421
humidity_pct,12,924.7935,30.4104,38.23,922.7935,30.3775
humidity_pct,18,601.7915,24.5314,23.8805,599.7915,24.4906
humidity_pct,24,94.7795,9.7355,7.3601,92.7795,9.6322
humidity_pct,48,140.5266,11.8544,9.3722,138.5266,11.7697
humidity_pct,72,167.4373,12.9398,10.6959,165.4373,12.8622
