file,line_number,code_snippet,pattern_matched,description,impact_on_high_frequency_data
model/detect.py,262,"dt_hours = max(0.1, (current_time - prior_time).total_seconds() / 3600.0) if prior_time is not None ",3600,3600 seconds (1.0h) hourly time conversion divisor,Minor / Standard unit conversion
model/dynamic_expectation.py,54,utc_hour = timestamp.hour + timestamp.minute / 60.0 + timestamp.second / 3600.0,3600,3600 seconds (1.0h) hourly time conversion divisor,Minor / Standard unit conversion
model/dynamic_expectation.py,130,"dt_hours = max(0.0, (current_time - prior_time).total_seconds() / 3600.0)",3600,3600 seconds (1.0h) hourly time conversion divisor,Minor / Standard unit conversion
model/evaluate.py,238,"duration_hours = max(0.0, (end - start).total_seconds() / 3600.0)",3600,3600 seconds (1.0h) hourly time conversion divisor,Minor / Standard unit conversion
model/evaluate.py,250,"item[""confirmation_delay_hours""] = round((first - start).total_seconds() / 3600.0, 3) if pd.notna(fi",3600,3600 seconds (1.0h) hourly time conversion divisor,Minor / Standard unit conversion
model/features.py,129,"`.shift(1)` before the rolling window, i.e. ""as of the reading before",\.shift\(1\),shift(1) assumes contiguous uniform 1-step row alignment,Breaks or requires physical-time resampling if dt < 1h
model/features.py,242,"actual_dt_hours = (merged[""orig_ts""] - merged[""past_ts""]).dt.total_seconds() / 3600.0",3600,3600 seconds (1.0h) hourly time conversion divisor,Minor / Standard unit conversion
model/features.py,265,prior = clean_series.shift(1),\.shift\(1\),shift(1) assumes contiguous uniform 1-step row alignment,Breaks or requires physical-time resampling if dt < 1h
model/features.py,339,"df[f""{prefix}_rolling_mean_3h""] = values.shift(1).rolling(""3h"", min_periods=1).mean()",\.shift\(1\),shift(1) assumes contiguous uniform 1-step row alignment,Breaks or requires physical-time resampling if dt < 1h
model/features.py,340,"df[f""{prefix}_rolling_mean_24h""] = clean_values.shift(1).rolling(""24h"", min_periods=6).mean()",\.shift\(1\),shift(1) assumes contiguous uniform 1-step row alignment,Breaks or requires physical-time resampling if dt < 1h
model/features.py,343,"df[""dt_hours""] = df.index.to_series().diff().dt.total_seconds() / 3600.0",3600,3600 seconds (1.0h) hourly time conversion divisor,Minor / Standard unit conversion
model/features.py,346,"df[f""{prefix}_hours_since_valid""] = (df.index.to_series() - last_valid).dt.total_seconds() / 3600.0",3600,3600 seconds (1.0h) hourly time conversion divisor,Minor / Standard unit conversion
model/peer_spatial_engine.py,156,if abs((current_time - latest_time).total_seconds()) > 5400:,5400,5400 seconds (1.5h) hard-coded peer freshness window,Minor / Standard unit conversion
model/peer_spatial_engine.py,179,if abs((current_time - latest_time).total_seconds()) > 5400:,5400,5400 seconds (1.5h) hard-coded peer freshness window,Minor / Standard unit conversion
