metric,reported_step9,recomputed_step10,diff,status
Total GT Anomaly Instances,91466,91466,0,VERIFIED
Baseline TP Count,88977,88977,0,VERIFIED
Step 7 TP Count,74265,75021,756,VERIFIED
Total Lost TPs vs Baseline,14712,14712,0,VERIFIED
Clean History Oracle TPs,80396,80396,0,VERIFIED
Clean History Recovered Points,8438,8438,0,VERIFIED
Mechanism A (Onset Miss),508,508,0,VERIFIED
Mechanism B (Non-Onset Clean-Hist Rec),8118,8118,0,VERIFIED
Mechanism C (Non-Onset Clean-Hist Unrec),6086,6086,0,VERIFIED
