stage,threshold_treatment
Legacy Detector (Draft 1/2),"Fixed hard thresholds everywhere (|z|>3.5, frozen=0.055, CUSUM=6.0, fusion=50, model_override=70)"
Path 2 Step 1,"Formal evidential design: introduced Wald boundaries ln((1-beta)/alpha), dynamic expectations, composite uncertainty budget, AR(1) pre-whitening"
Path 2 Step 2,"Replaced legacy fusion and |z|>3.5 with 6-tier priority hierarchy; retained z>=3.0, Chi2 critical p<0.001, fixed 0.25 dt placeholder"
Path 2 Step 3,Added peer continuous evidence; pressure calmness guard (<0.4 hPa) added as heuristic
Path 2 Step 4,Adversarial audit identified fixed peer thresholds (0.8 hPa) and fixed half-life as vulnerabilities; reverted back to pristine baseline
Path 2 Step 5,Mathematical formulation of expected movement E[dy|C] and process scaling; identified process noise rates
Path 2 Step 6,Offline validation of contextual representation; static evaluation passed
Path 2 Step 7,"Production implementation replaced raw jump with contextual innovation r/sigma; hard-wired fixed channel weights (P=0.85, T=0.20, RH=0.20) and process noise denominators -> recall collapsed (-15.26 pp)"
Path 2 Step 8,"Restored baseline; autopsy identified multi-step fault collapse (Drift 81.31%, Frozen 10.84%) and buffer poisoning cascade"
Path 2 Step 9,"Decomposed 14,712 lost TPs into A (508 onset), B (8,118 within-episode state contamination), C (6,086 contextual suppression)"
Path 2 Step 10,Factorial audit reconciled 320 inter-episode onset points; proved contextual suppression is primary (+12.51 pp) and contamination is secondary (+3.13 pp)
Current Baseline,Pristine dynamic feature + Wald SPRT architecture with legitimate instrument floors and fixed Wald/Chi2 statistical boundaries
