file,sha256,size_bytes
data/all_stations.csv,1c113f12ee663d40e6e3c1bb04110c993489b45c9d03afc3b89952b08f675188,4138620
data/anomaly_injector.py,12f72ee2d5a041f8f8d9c641f42f87e69c067872af5c242eeeec911a04f1e8cc,40573
model/detect.py,d5da37b0e0f47fd4b40cd4632d45aa27d4593f0f0716222a03d1990da7508f69,20862
model/state.py,68059e14d7debf5b8080fa2a3d7e86864c85e5a51943faebf6f524ea29e044a6,27484
model/dynamic_expectation.py,d3182b23cd37c85b9c87104e82c6fbd22cb7284aaddcd2496010f52abfba26c6,6780
model/seasonal_baseline.py,8bfe35ffeee08265b536fa32684be65d212eb37c9b97ada2ae54cd98eeeeaa76,6012
model/sequential_sprt.py,036f05e901c3de29435e5b2f0548a942ff4ff1cb3621734f063020bb83d28047,4753
model/cross_channel_covariance.py,afe2c41661e66e09d47f9196458715260847db325d928b4de216ae33b3657708,5294
model/uncertainty_budget.py,dfbebebc196020b788e35f08efc25a322ba8bd70acd1495fa3024cd7571a671a,4951
model/peer_spatial_engine.py,3179dcb64a7358b5cd994c833d29698914a2a0600cb78211a2444ad006e9d2f4,10110
scratch/precision_forensics/build_step19_population_and_audit.py,e0177af1e2e474e3fceebf6cad6f803943a5206c3ce499101cfc2f5e2716cd61,18599
scratch/precision_forensics/run_step21_benchmark.py,8565523300e7cfe5a4220a0cb56616e204f6e2773038f63d39f8c2f102275551,19382
scratch/precision_forensics/run_step22_benchmark.py,c74553a8cf5971b8623160af7e13d6338b6e149a102c66adfdbe2fd12463a385,22890
