model,seed,tp,fp,fn,tn,precision,recall,f1
baseline,42,12649,4997,260,238,71.68196758472175,97.98590130916415,82.79495990836197
baseline,101,12600,4800,420,324,72.41379310344827,96.7741935483871,82.84023668639053
baseline,202,13175,4538,271,160,74.3803985773161,97.98453071545441,84.5662569402099
baseline,2024,12835,4639,423,247,73.45198580748541,96.80947352541861,83.5285695691787
baseline,8888,12820,4749,362,213,72.9694347999317,97.25383098164163,83.3794022958603
baseline,20260924,12775,4850,353,166,72.4822695035461,97.31109079829372,83.08132539914806
baseline,45456231412727229999,12123,5433,400,188,69.0533151059467,96.80587718597779,80.60773296984607
step12,42,12883,5216,26,19,71.18072821702856,99.79859013091642,83.09468524251807
step12,101,12993,5109,27,15,71.7765992707988,99.7926267281106,83.49720454983613
step12,202,13420,4684,26,14,74.12726469288555,99.80663394318012,85.07131537242472
step12,2024,13177,4867,81,19,73.0270450011084,99.38904812188866,84.19270334163951
step12,8888,13144,4948,38,14,72.65089542339156,99.71172811409498,84.05704419006203
step12,20260924,13111,5004,17,12,72.37648357714602,99.87050578915296,83.92920014083155
step12,45456231412727229999,12469,5612,54,9,68.96189370056966,99.568793420107,81.4860802509476
step14_b,42,12879,5206,30,29,71.2137130218413,99.76760399721125,83.10640769181133
step14_b,101,12990,5095,30,29,71.82748133812552,99.76958525345621,83.52354926860635
step14_b,202,13421,4685,25,13,74.12459958024964,99.81407109921166,85.072261663286
step14_b,2024,13205,4872,53,14,73.04862532499861,99.60024136370494,84.28275091750439
step14_b,8888,13119,4921,63,41,72.72172949002217,99.52207555757852,84.03689705976555
step14_b,20260924,13098,4988,30,28,72.42065686166094,99.77148080438756,83.92388031011726
step14_b,45456231412727229999,12471,5599,52,22,69.01494189263974,99.58476403417711,81.52845422155396
step14_c,42,12661,4996,248,239,71.70527269638104,98.07885971027966,82.84368252306484
step14_c,101,12712,4800,308,324,72.59022384650525,97.63440860215053,83.2700117909079
step14_c,202,13124,4480,322,218,74.55123835491933,97.6052357578462,84.53462157809984
step14_c,2024,12983,4610,275,276,73.79639629398056,97.92578066073314,84.16582930861237
step14_c,8888,12879,4715,303,247,73.20109128111855,97.70141101502048,83.69508708084221
step14_c,20260924,12844,4779,284,237,72.88202916643023,97.83668494820232,83.53549478065754
step14_c,45456231412727229999,12196,5361,327,260,69.46517058723016,97.38880459953685,81.0904255319149
step15_empirical,42,11177,4016,1732,1219,73.5667741723162,86.58300410566272,79.54593979076223
step15_empirical,101,11135,3700,1885,1424,75.05898213683857,85.52227342549924,79.9497397235685
step15_empirical,202,11421,3842,2025,856,74.82801546222892,84.93975903614458,79.56389982235535
step15_empirical,2024,11078,3747,2180,1139,74.72512647554807,83.55709760144818,78.8947049816615
step15_empirical,8888,11215,3773,1967,1189,74.82652788897785,85.07813685328478,79.62371317003904
step15_empirical,20260924,10588,3853,2540,1163,73.31902222837753,80.65204143814746,76.810910805615
step15_empirical,45456231412727229999,10259,4492,2264,1129,69.54782726594807,81.92126487263435,75.22915597272127
