config_id,config_name,seed,tp,fp,fn,tn,precision,recall,f1
0,CONFIG 0: Original Locked Baseline Reference,42,12649,4997,260,238,71.68196758472175,97.98590130916415,82.79495990836197
0,CONFIG 0: Original Locked Baseline Reference,101,12600,4800,420,324,72.41379310344827,96.7741935483871,82.84023668639053
0,CONFIG 0: Original Locked Baseline Reference,202,13175,4538,271,160,74.3803985773161,97.98453071545441,84.5662569402099
0,CONFIG 0: Original Locked Baseline Reference,2024,12835,4639,423,247,73.45198580748541,96.80947352541861,83.5285695691787
0,CONFIG 0: Original Locked Baseline Reference,8888,12820,4749,362,213,72.9694347999317,97.25383098164163,83.3794022958603
0,CONFIG 0: Original Locked Baseline Reference,20260924,12775,4850,353,166,72.4822695035461,97.31109079829372,83.08132539914806
0,CONFIG 0: Original Locked Baseline Reference,45456231412727229999,12123,5433,400,188,69.0533151059467,96.80587718597779,80.60773296984607
1,CONFIG 1: Step 12 Channel-Scaled Jump Reference,42,12874,5218,35,17,71.15852310413442,99.7288713300798,83.05538531015128
1,CONFIG 1: Step 12 Channel-Scaled Jump Reference,101,12988,5108,32,16,71.77276746242264,99.75422427035329,83.48116724514719
1,CONFIG 1: Step 12 Channel-Scaled Jump Reference,202,13409,4690,37,8,74.08696613072546,99.72482522683326,85.01505785385957
1,CONFIG 1: Step 12 Channel-Scaled Jump Reference,2024,13170,4862,88,24,73.03682342502218,99.33624981143461,84.18024928092042
1,CONFIG 1: Step 12 Channel-Scaled Jump Reference,8888,13146,4949,36,13,72.64990328820116,99.7269003186163,84.06177063017552
1,CONFIG 1: Step 12 Channel-Scaled Jump Reference,20260924,13110,5002,18,14,72.38295053003534,99.86288848263254,83.93085787451986
1,CONFIG 1: Step 12 Channel-Scaled Jump Reference,45456231412727229999,12462,5612,61,9,68.9498727453801,99.51289627086162,81.45896656534954
2,CONFIG 2: Step 16 Combined Architecture (Cold-Start Safe + Continuous Gap Scaling),42,12661,4992,248,243,71.72152042145811,98.07885971027966,82.85452522740658
2,CONFIG 2: Step 16 Combined Architecture (Cold-Start Safe + Continuous Gap Scaling),101,12712,4791,308,333,72.62754956293207,97.63440860215053,83.29456475444746
2,CONFIG 2: Step 16 Combined Architecture (Cold-Start Safe + Continuous Gap Scaling),202,13125,4477,321,221,74.56539029655721,97.61267291387773,84.54650863179593
2,CONFIG 2: Step 16 Combined Architecture (Cold-Start Safe + Continuous Gap Scaling),2024,12983,4610,275,276,73.79639629398056,97.92578066073314,84.16582930861237
2,CONFIG 2: Step 16 Combined Architecture (Cold-Start Safe + Continuous Gap Scaling),8888,12876,4712,306,250,73.20900614055037,97.67865270823852,83.69190770230745
2,CONFIG 2: Step 16 Combined Architecture (Cold-Start Safe + Continuous Gap Scaling),20260924,12834,4774,294,242,72.88732394366197,97.76051188299817,83.51119208745445
2,CONFIG 2: Step 16 Combined Architecture (Cold-Start Safe + Continuous Gap Scaling),45456231412727229999,12196,5360,327,261,69.4691273638642,97.38880459953685,81.09312144685661
