seed,station_id,timestamp,transition_type,gt_is_anomaly,gt_fault_type,pred_b,pred_c
42,AWS-DEL-103,2025-03-06 08:00:00+00:00,TP_REMOVED,True,drift,True,False
42,AWS-MUM-103,2025-03-06 08:00:00+00:00,TP_REMOVED,True,drift,True,False
42,AWS-MUM-103,2025-03-07 00:00:00+00:00,TP_RECOVERED,True,drift,False,True
42,AWS-RAN-101,2025-03-08 16:00:00+00:00,TP_REMOVED,True,drift,True,False
42,AWS-RAN-102,2025-03-08 16:00:00+00:00,TP_REMOVED,True,drift,True,False
42,AWS-VAR-101,2025-03-08 16:00:00+00:00,TP_REMOVED,True,drift,True,False
42,AWS-MUM-103,2025-03-08 16:00:00+00:00,TP_REMOVED,True,drift,True,False
42,AWS-MUM-101,2025-03-08 16:00:00+00:00,TP_REMOVED,True,drift,True,False
42,AWS-DEL-103,2025-03-08 16:00:00+00:00,TP_REMOVED,True,drift,True,False
42,AWS-MUM-102,2025-03-08 16:00:00+00:00,TP_REMOVED,True,drift,True,False
42,AWS-VAR-052,2025-03-08 17:00:00+00:00,TP_REMOVED,True,drift,True,False
42,AWS-MUM-102,2025-03-08 17:00:00+00:00,TP_REMOVED,True,drift,True,False
42,AWS-VAR-052,2025-03-10 16:00:00+00:00,TP_RECOVERED,True,drift,False,True
42,AWS-RAN-067,2025-03-10 16:00:00+00:00,TP_RECOVERED,True,drift,False,True
42,AWS-VAR-101,2025-03-12 07:00:00+00:00,TP_REMOVED,True,frozen_value,True,False
42,AWS-MUM-103,2025-03-12 08:00:00+00:00,TP_REMOVED,True,frozen_value,True,False
42,AWS-DEL-101,2025-03-12 16:00:00+00:00,TP_REMOVED,True,frozen_value,True,False
42,AWS-CHN-103,2025-03-12 16:00:00+00:00,TP_REMOVED,True,frozen_value,True,False
42,AWS-VAR-103,2025-03-12 16:00:00+00:00,TP_REMOVED,True,frozen_value,True,False
42,AWS-DEL-102,2025-03-12 16:00:00+00:00,TP_REMOVED,True,frozen_value,True,False
42,AWS-VAR-102,2025-03-12 16:00:00+00:00,TP_REMOVED,True,frozen_value,True,False
42,AWS-BHO-102,2025-03-12 17:00:00+00:00,TP_REMOVED,True,frozen_value,True,False
42,AWS-DEL-101,2025-03-12 17:00:00+00:00,TP_REMOVED,True,frozen_value,True,False
42,AWS-BHO-101,2025-03-12 17:00:00+00:00,TP_REMOVED,True,frozen_value,True,False
42,AWS-DEL-011,2025-03-12 17:00:00+00:00,TP_REMOVED,True,frozen_value,True,False
42,AWS-BHO-101,2025-03-12 22:00:00+00:00,TP_REMOVED,True,frozen_value,True,False
42,AWS-DEL-011,2025-03-13 02:00:00+00:00,TP_RECOVERED,True,drift,False,True
42,AWS-DEL-011,2025-03-13 03:00:00+00:00,TP_REMOVED,True,drift,True,False
42,AWS-CHN-024,2025-03-14 14:00:00+00:00,FP_REMOVED,False,,True,False
42,AWS-CHN-024,2025-03-14 15:00:00+00:00,FP_ADDED,False,,False,True
42,AWS-RAN-101,2025-03-19 06:00:00+00:00,FP_ADDED,False,,False,True
42,AWS-CHN-102,2025-03-19 14:00:00+00:00,TP_RECOVERED,True,drift,False,True
42,AWS-VAR-102,2025-03-19 15:00:00+00:00,TP_REMOVED,True,drift,True,False
42,AWS-CHN-103,2025-03-20 05:00:00+00:00,TP_REMOVED,True,multivariate_inconsistency,True,False
42,AWS-VAR-101,2025-03-20 06:00:00+00:00,TP_REMOVED,True,drift,True,False
42,AWS-RAN-101,2025-03-20 06:00:00+00:00,TP_REMOVED,True,drift,True,False
42,AWS-RAN-102,2025-03-20 06:00:00+00:00,TP_REMOVED,True,drift,True,False
42,AWS-KOL-103,2025-03-23 00:00:00+00:00,TP_REMOVED,True,drift,True,False
42,AWS-KOL-101,2025-03-23 00:00:00+00:00,TP_REMOVED,True,drift,True,False
42,AWS-KOL-102,2025-03-23 00:00:00+00:00,TP_REMOVED,True,drift,True,False
42,AWS-CHN-101,2025-03-23 00:00:00+00:00,TP_REMOVED,True,drift,True,False
42,AWS-CHN-024,2025-03-23 00:00:00+00:00,TP_REMOVED,True,frozen_value,True,False
42,AWS-KOL-015,2025-03-23 00:00:00+00:00,TP_REMOVED,True,drift,True,False
42,AWS-KOL-102,2025-03-23 02:00:00+00:00,TP_REMOVED,True,frozen_value,True,False
42,AWS-KOL-015,2025-03-23 07:00:00+00:00,FP_REMOVED,False,,True,False
42,AWS-KOL-101,2025-03-24 15:00:00+00:00,TP_REMOVED,True,frozen_value,True,False
42,AWS-KOL-015,2025-03-24 15:00:00+00:00,TP_REMOVED,True,frozen_value,True,False
42,AWS-CHN-101,2025-03-24 15:00:00+00:00,TP_REMOVED,True,frozen_value,True,False
42,AWS-KOL-102,2025-03-24 16:00:00+00:00,TP_REMOVED,True,frozen_value,True,False
42,AWS-KOL-015,2025-03-24 16:00:00+00:00,TP_REMOVED,True,frozen_value,True,False
42,AWS-KOL-103,2025-03-24 16:00:00+00:00,TP_REMOVED,True,frozen_value,True,False
42,AWS-KOL-101,2025-03-24 16:00:00+00:00,TP_REMOVED,True,frozen_value,True,False
42,AWS-KOL-103,2025-03-24 20:00:00+00:00,TP_REMOVED,True,frozen_value,True,False
42,AWS-CHN-024,2025-03-25 12:00:00+00:00,TP_REMOVED,True,frozen_value,True,False
42,AWS-KOL-015,2025-03-25 16:00:00+00:00,TP_RECOVERED,True,spike,False,True
42,AWS-KOL-102,2025-03-25 16:00:00+00:00,TP_RECOVERED,True,spike,False,True
42,AWS-VAR-052,2025-03-26 06:00:00+00:00,FP_ADDED,False,,False,True
42,AWS-VAR-101,2025-03-26 06:00:00+00:00,FP_ADDED,False,,False,True
42,AWS-RAN-101,2025-03-26 06:00:00+00:00,FP_ADDED,False,,False,True
42,AWS-CHN-024,2025-03-27 02:00:00+00:00,FP_REMOVED,False,,True,False
42,AWS-BHO-030,2025-03-28 16:00:00+00:00,TP_REMOVED,True,drift,True,False
42,AWS-BHO-101,2025-03-28 17:00:00+00:00,TP_REMOVED,True,drift,True,False
42,AWS-BHO-101,2025-03-29 00:00:00+00:00,TP_RECOVERED,True,drift,False,True
42,AWS-BHO-030,2025-03-30 17:00:00+00:00,FP_REMOVED,False,,True,False
101,AWS-VAR-101,2025-03-07 15:00:00+00:00,FP_ADDED,False,,False,True
101,AWS-RAN-103,2025-03-07 16:00:00+00:00,FP_ADDED,False,,False,True
101,AWS-KOL-103,2025-03-08 00:00:00+00:00,TP_REMOVED,True,spike,True,False
101,AWS-RAN-103,2025-03-09 01:00:00+00:00,TP_REMOVED,True,unstructured_anomaly,True,False
101,AWS-RAN-101,2025-03-09 01:00:00+00:00,TP_RECOVERED,True,unstructured_anomaly,False,True
101,AWS-CHN-103,2025-03-12 15:00:00+00:00,TP_REMOVED,True,drift,True,False
101,AWS-RAN-101,2025-03-12 15:00:00+00:00,TP_REMOVED,True,drift,True,False
101,AWS-DEL-011,2025-03-12 15:00:00+00:00,TP_REMOVED,True,drift,True,False
101,AWS-BHO-103,2025-03-12 15:00:00+00:00,TP_REMOVED,True,drift,True,False
101,AWS-KOL-103,2025-03-12 16:00:00+00:00,TP_REMOVED,True,drift,True,False
101,AWS-RAN-103,2025-03-12 16:00:00+00:00,TP_REMOVED,True,drift,True,False
101,AWS-KOL-015,2025-03-12 16:00:00+00:00,TP_REMOVED,True,drift,True,False
101,AWS-VAR-052,2025-03-12 16:00:00+00:00,TP_REMOVED,True,drift,True,False
101,AWS-KOL-101,2025-03-12 16:00:00+00:00,TP_REMOVED,True,drift,True,False
101,AWS-DEL-103,2025-03-12 16:00:00+00:00,TP_REMOVED,True,drift,True,False
101,AWS-MUM-102,2025-03-12 16:00:00+00:00,TP_REMOVED,True,drift,True,False
101,AWS-MUM-101,2025-03-12 16:00:00+00:00,TP_REMOVED,True,drift,True,False
101,AWS-DEL-102,2025-03-12 16:00:00+00:00,TP_REMOVED,True,drift,True,False
101,AWS-KOL-102,2025-03-12 16:00:00+00:00,TP_REMOVED,True,drift,True,False
101,AWS-VAR-102,2025-03-12 16:00:00+00:00,TP_REMOVED,True,drift,True,False
101,AWS-VAR-101,2025-03-12 16:00:00+00:00,TP_REMOVED,True,drift,True,False
101,AWS-RAN-102,2025-03-12 16:00:00+00:00,TP_REMOVED,True,drift,True,False
101,AWS-VAR-103,2025-03-12 21:00:00+00:00,FP_REMOVED,False,,True,False
101,AWS-DEL-102,2025-03-13 02:00:00+00:00,TP_REMOVED,True,multivariate_inconsistency,True,False
101,AWS-BHO-030,2025-03-13 02:00:00+00:00,TP_REMOVED,True,drift,True,False
101,AWS-DEL-102,2025-03-13 15:00:00+00:00,FP_ADDED,False,,False,True
101,AWS-DEL-011,2025-03-20 19:00:00+00:00,TP_REMOVED,True,unstructured_anomaly,True,False
101,AWS-CHN-024,2025-03-22 20:00:00+00:00,TP_REMOVED,True,drift,True,False
101,AWS-CHN-101,2025-03-22 20:00:00+00:00,TP_REMOVED,True,drift,True,False
101,AWS-MUM-007,2025-03-22 20:00:00+00:00,TP_REMOVED,True,drift,True,False
101,AWS-CHN-102,2025-03-22 21:00:00+00:00,TP_REMOVED,True,drift,True,False
101,AWS-CHN-101,2025-03-22 21:00:00+00:00,TP_REMOVED,True,drift,True,False
101,AWS-CHN-024,2025-03-22 21:00:00+00:00,TP_REMOVED,True,drift,True,False
101,AWS-CHN-101,2025-03-22 23:00:00+00:00,TP_RECOVERED,True,drift,False,True
101,AWS-RAN-103,2025-03-25 06:00:00+00:00,TP_REMOVED,True,frozen_value,True,False
101,AWS-VAR-103,2025-03-25 06:00:00+00:00,TP_REMOVED,True,frozen_value,True,False
101,AWS-RAN-102,2025-03-25 06:00:00+00:00,TP_REMOVED,True,frozen_value,True,False
101,AWS-VAR-102,2025-03-25 06:00:00+00:00,TP_REMOVED,True,frozen_value,True,False
101,AWS-RAN-067,2025-03-25 06:00:00+00:00,TP_REMOVED,True,frozen_value,True,False
101,AWS-VAR-101,2025-03-25 06:00:00+00:00,TP_REMOVED,True,frozen_value,True,False
101,AWS-BHO-030,2025-03-25 07:00:00+00:00,TP_REMOVED,True,frozen_value,True,False
101,AWS-DEL-103,2025-03-25 07:00:00+00:00,TP_REMOVED,True,frozen_value,True,False
101,AWS-DEL-103,2025-03-25 15:00:00+00:00,TP_REMOVED,True,drift,True,False
101,AWS-CHN-103,2025-03-25 16:00:00+00:00,TP_REMOVED,True,drift,True,False
101,AWS-CHN-024,2025-03-25 22:00:00+00:00,TP_REMOVED,True,drift,True,False
101,AWS-CHN-102,2025-03-25 22:00:00+00:00,TP_REMOVED,True,drift,True,False
101,AWS-CHN-101,2025-03-25 22:00:00+00:00,TP_REMOVED,True,drift,True,False
101,AWS-MUM-007,2025-03-25 22:00:00+00:00,TP_REMOVED,True,drift,True,False
101,AWS-MUM-007,2025-03-25 23:00:00+00:00,TP_REMOVED,True,drift,True,False
101,AWS-CHN-101,2025-03-26 00:00:00+00:00,TP_REMOVED,True,drift,True,False
101,AWS-BHO-030,2025-03-28 16:00:00+00:00,TP_REMOVED,True,frozen_value,True,False
101,AWS-RAN-101,2025-03-28 17:00:00+00:00,TP_REMOVED,True,frozen_value,True,False
101,AWS-MUM-103,2025-03-28 17:00:00+00:00,TP_REMOVED,True,frozen_value,True,False
101,AWS-DEL-101,2025-03-28 17:00:00+00:00,TP_REMOVED,True,frozen_value,True,False
101,AWS-RAN-067,2025-03-28 17:00:00+00:00,TP_REMOVED,True,frozen_value,True,False
101,AWS-DEL-102,2025-03-28 17:00:00+00:00,TP_REMOVED,True,frozen_value,True,False
101,AWS-BHO-103,2025-03-28 17:00:00+00:00,TP_REMOVED,True,frozen_value,True,False
101,AWS-VAR-103,2025-03-28 17:00:00+00:00,TP_REMOVED,True,frozen_value,True,False
101,AWS-DEL-103,2025-03-28 17:00:00+00:00,TP_REMOVED,True,frozen_value,True,False
101,AWS-RAN-103,2025-03-28 18:00:00+00:00,TP_REMOVED,True,frozen_value,True,False
101,AWS-MUM-102,2025-03-28 18:00:00+00:00,TP_REMOVED,True,frozen_value,True,False
101,AWS-VAR-101,2025-03-28 18:00:00+00:00,TP_REMOVED,True,frozen_value,True,False
101,AWS-VAR-102,2025-03-28 18:00:00+00:00,TP_REMOVED,True,frozen_value,True,False
101,AWS-BHO-102,2025-03-28 18:00:00+00:00,TP_REMOVED,True,frozen_value,True,False
101,AWS-CHN-103,2025-03-28 18:00:00+00:00,TP_REMOVED,True,frozen_value,True,False
101,AWS-BHO-030,2025-03-28 18:00:00+00:00,TP_REMOVED,True,frozen_value,True,False
101,AWS-MUM-101,2025-03-28 18:00:00+00:00,TP_REMOVED,True,frozen_value,True,False
101,AWS-VAR-052,2025-03-28 18:00:00+00:00,TP_REMOVED,True,frozen_value,True,False
101,AWS-BHO-101,2025-03-28 18:00:00+00:00,TP_REMOVED,True,frozen_value,True,False
101,AWS-DEL-011,2025-03-28 18:00:00+00:00,TP_REMOVED,True,frozen_value,True,False
101,AWS-KOL-101,2025-03-28 18:00:00+00:00,TP_REMOVED,True,frozen_value,True,False
101,AWS-MUM-102,2025-03-28 20:00:00+00:00,TP_REMOVED,True,drift,True,False
101,AWS-MUM-102,2025-03-28 21:00:00+00:00,TP_RECOVERED,True,drift,False,True
101,AWS-BHO-101,2025-03-29 07:00:00+00:00,TP_REMOVED,True,drift,True,False
101,AWS-VAR-102,2025-03-29 07:00:00+00:00,TP_REMOVED,True,drift,True,False
101,AWS-KOL-101,2025-03-29 13:00:00+00:00,TP_RECOVERED,True,drift,False,True
101,AWS-VAR-101,2025-03-29 14:00:00+00:00,TP_REMOVED,True,drift,True,False
101,AWS-CHN-103,2025-03-29 15:00:00+00:00,TP_REMOVED,True,drift,True,False
101,AWS-MUM-102,2025-03-29 15:00:00+00:00,TP_REMOVED,True,drift,True,False
101,AWS-VAR-101,2025-03-29 16:00:00+00:00,TP_RECOVERED,True,drift,False,True
101,AWS-MUM-102,2025-03-29 20:00:00+00:00,TP_RECOVERED,True,drift,False,True
202,AWS-BHO-103,2025-03-08 20:00:00+00:00,TP_REMOVED,True,frozen_value,True,False
202,AWS-BHO-030,2025-03-08 20:00:00+00:00,TP_REMOVED,True,frozen_value,True,False
202,AWS-MUM-007,2025-03-08 20:00:00+00:00,TP_REMOVED,True,frozen_value,True,False
202,AWS-VAR-052,2025-03-08 21:00:00+00:00,TP_REMOVED,True,frozen_value,True,False
202,AWS-BHO-103,2025-03-08 21:00:00+00:00,TP_REMOVED,True,frozen_value,True,False
202,AWS-BHO-101,2025-03-08 21:00:00+00:00,TP_REMOVED,True,frozen_value,True,False
202,AWS-MUM-007,2025-03-08 21:00:00+00:00,TP_REMOVED,True,frozen_value,True,False
202,AWS-BHO-030,2025-03-08 22:00:00+00:00,TP_REMOVED,True,frozen_value,True,False
202,AWS-VAR-052,2025-03-08 22:00:00+00:00,TP_REMOVED,True,frozen_value,True,False
202,AWS-CHN-101,2025-03-09 06:00:00+00:00,TP_REMOVED,True,drift,True,False
202,AWS-KOL-101,2025-03-09 06:00:00+00:00,TP_REMOVED,True,drift,True,False
202,AWS-MUM-103,2025-03-09 23:00:00+00:00,TP_REMOVED,True,frozen_value,True,False
202,AWS-CHN-024,2025-03-10 00:00:00+00:00,TP_REMOVED,True,frozen_value,True,False
202,AWS-MUM-103,2025-03-10 00:00:00+00:00,TP_REMOVED,True,frozen_value,True,False
202,AWS-MUM-101,2025-03-10 00:00:00+00:00,TP_REMOVED,True,frozen_value,True,False
202,AWS-MUM-103,2025-03-10 02:00:00+00:00,TP_RECOVERED,True,spike,False,True
202,AWS-VAR-052,2025-03-14 17:00:00+00:00,TP_REMOVED,True,frozen_value,True,False
202,AWS-BHO-030,2025-03-14 17:00:00+00:00,TP_REMOVED,True,frozen_value,True,False
202,AWS-BHO-101,2025-03-14 17:00:00+00:00,TP_REMOVED,True,frozen_value,True,False
202,AWS-BHO-030,2025-03-14 19:00:00+00:00,TP_REMOVED,True,frozen_value,True,False
202,AWS-MUM-007,2025-03-14 20:00:00+00:00,TP_REMOVED,True,frozen_value,True,False
202,AWS-BHO-101,2025-03-14 20:00:00+00:00,TP_REMOVED,True,frozen_value,True,False
202,AWS-VAR-052,2025-03-16 16:00:00+00:00,FP_REMOVED,False,,True,False
202,AWS-VAR-052,2025-03-17 17:00:00+00:00,TP_REMOVED,True,frozen_value,True,False
202,AWS-BHO-030,2025-03-17 17:00:00+00:00,TP_REMOVED,True,frozen_value,True,False
202,AWS-BHO-103,2025-03-17 17:00:00+00:00,TP_REMOVED,True,frozen_value,True,False
202,AWS-BHO-101,2025-03-17 17:00:00+00:00,TP_REMOVED,True,frozen_value,True,False
202,AWS-BHO-103,2025-03-17 20:00:00+00:00,FP_ADDED,False,,False,True
202,AWS-VAR-052,2025-03-17 21:00:00+00:00,FP_ADDED,False,,False,True
202,AWS-BHO-103,2025-03-17 22:00:00+00:00,FP_REMOVED,False,,True,False
202,AWS-BHO-101,2025-03-18 01:00:00+00:00,TP_RECOVERED,True,frozen_value,False,True
202,AWS-BHO-101,2025-03-18 02:00:00+00:00,TP_REMOVED,True,frozen_value,True,False
202,AWS-BHO-103,2025-03-20 19:00:00+00:00,TP_REMOVED,True,drift,True,False
202,AWS-BHO-101,2025-03-20 20:00:00+00:00,TP_REMOVED,True,drift,True,False
202,AWS-VAR-052,2025-03-20 20:00:00+00:00,TP_REMOVED,True,drift,True,False
202,AWS-BHO-103,2025-03-20 20:00:00+00:00,TP_REMOVED,True,drift,True,False
202,AWS-BHO-030,2025-03-20 20:00:00+00:00,TP_REMOVED,True,drift,True,False
202,AWS-VAR-052,2025-03-20 22:00:00+00:00,TP_REMOVED,True,drift,True,False
202,AWS-BHO-030,2025-03-20 22:00:00+00:00,TP_REMOVED,True,drift,True,False
202,AWS-BHO-030,2025-03-20 23:00:00+00:00,TP_REMOVED,True,drift,True,False
202,AWS-BHO-101,2025-03-20 23:00:00+00:00,TP_REMOVED,True,drift,True,False
202,AWS-BHO-103,2025-03-20 23:00:00+00:00,TP_REMOVED,True,drift,True,False
202,AWS-CHN-102,2025-03-21 00:00:00+00:00,TP_REMOVED,True,frozen_value,True,False
202,AWS-RAN-101,2025-03-21 00:00:00+00:00,TP_REMOVED,True,frozen_value,True,False
202,AWS-DEL-103,2025-03-21 00:00:00+00:00,TP_REMOVED,True,frozen_value,True,False
202,AWS-DEL-101,2025-03-21 00:00:00+00:00,TP_REMOVED,True,frozen_value,True,False
202,AWS-VAR-101,2025-03-21 00:00:00+00:00,TP_REMOVED,True,frozen_value,True,False
202,AWS-VAR-102,2025-03-21 00:00:00+00:00,TP_REMOVED,True,frozen_value,True,False
202,AWS-BHO-102,2025-03-21 00:00:00+00:00,TP_REMOVED,True,frozen_value,True,False
202,AWS-CHN-103,2025-03-21 00:00:00+00:00,TP_REMOVED,True,frozen_value,True,False
202,AWS-KOL-103,2025-03-21 00:00:00+00:00,TP_REMOVED,True,frozen_value,True,False
202,AWS-DEL-011,2025-03-21 00:00:00+00:00,TP_REMOVED,True,frozen_value,True,False
202,AWS-RAN-103,2025-03-21 00:00:00+00:00,TP_REMOVED,True,frozen_value,True,False
202,AWS-VAR-103,2025-03-21 00:00:00+00:00,TP_REMOVED,True,frozen_value,True,False
202,AWS-RAN-067,2025-03-21 00:00:00+00:00,TP_REMOVED,True,frozen_value,True,False
202,AWS-VAR-103,2025-03-21 01:00:00+00:00,TP_REMOVED,True,frozen_value,True,False
202,AWS-MUM-102,2025-03-21 01:00:00+00:00,TP_REMOVED,True,frozen_value,True,False
202,AWS-BHO-102,2025-03-21 01:00:00+00:00,TP_REMOVED,True,frozen_value,True,False
202,AWS-DEL-103,2025-03-21 01:00:00+00:00,TP_REMOVED,True,frozen_value,True,False
202,AWS-RAN-103,2025-03-21 01:00:00+00:00,TP_REMOVED,True,frozen_value,True,False
202,AWS-VAR-101,2025-03-21 01:00:00+00:00,TP_REMOVED,True,frozen_value,True,False
202,AWS-BHO-101,2025-03-21 01:00:00+00:00,TP_REMOVED,True,drift,True,False
202,AWS-VAR-102,2025-03-21 01:00:00+00:00,TP_REMOVED,True,frozen_value,True,False
202,AWS-RAN-067,2025-03-21 01:00:00+00:00,TP_REMOVED,True,frozen_value,True,False
202,AWS-DEL-011,2025-03-21 01:00:00+00:00,TP_REMOVED,True,frozen_value,True,False
202,AWS-DEL-101,2025-03-21 01:00:00+00:00,TP_REMOVED,True,frozen_value,True,False
202,AWS-KOL-102,2025-03-21 02:00:00+00:00,TP_REMOVED,True,frozen_value,True,False
202,AWS-BHO-102,2025-03-21 02:00:00+00:00,TP_REMOVED,True,frozen_value,True,False
202,AWS-MUM-102,2025-03-21 02:00:00+00:00,TP_REMOVED,True,frozen_value,True,False
202,AWS-DEL-102,2025-03-21 02:00:00+00:00,TP_REMOVED,True,frozen_value,True,False
202,AWS-DEL-011,2025-03-21 02:00:00+00:00,TP_REMOVED,True,frozen_value,True,False
202,AWS-DEL-103,2025-03-21 02:00:00+00:00,TP_REMOVED,True,frozen_value,True,False
202,AWS-DEL-101,2025-03-21 02:00:00+00:00,TP_REMOVED,True,frozen_value,True,False
202,AWS-MUM-102,2025-03-21 03:00:00+00:00,TP_REMOVED,True,frozen_value,True,False
202,AWS-KOL-101,2025-03-21 06:00:00+00:00,TP_REMOVED,True,frozen_value,True,False
202,AWS-RAN-067,2025-03-21 06:00:00+00:00,TP_REMOVED,True,frozen_value,True,False
202,AWS-RAN-102,2025-03-21 06:00:00+00:00,TP_REMOVED,True,frozen_value,True,False
202,AWS-KOL-015,2025-03-21 06:00:00+00:00,TP_REMOVED,True,frozen_value,True,False
202,AWS-CHN-103,2025-03-21 06:00:00+00:00,TP_REMOVED,True,frozen_value,True,False
202,AWS-CHN-102,2025-03-21 06:00:00+00:00,TP_REMOVED,True,frozen_value,True,False
202,AWS-VAR-103,2025-03-21 06:00:00+00:00,TP_REMOVED,True,frozen_value,True,False
202,AWS-RAN-101,2025-03-21 06:00:00+00:00,TP_REMOVED,True,frozen_value,True,False
202,AWS-BHO-102,2025-03-21 07:00:00+00:00,TP_REMOVED,True,frozen_value,True,False
202,AWS-KOL-102,2025-03-21 07:00:00+00:00,TP_REMOVED,True,frozen_value,True,False
202,AWS-DEL-103,2025-03-21 07:00:00+00:00,TP_REMOVED,True,frozen_value,True,False
202,AWS-DEL-102,2025-03-21 07:00:00+00:00,TP_REMOVED,True,frozen_value,True,False
202,AWS-VAR-102,2025-03-21 07:00:00+00:00,TP_REMOVED,True,frozen_value,True,False
202,AWS-VAR-101,2025-03-21 07:00:00+00:00,TP_REMOVED,True,frozen_value,True,False
202,AWS-VAR-103,2025-03-21 07:00:00+00:00,TP_REMOVED,True,frozen_value,True,False
202,AWS-DEL-011,2025-03-21 07:00:00+00:00,TP_REMOVED,True,frozen_value,True,False
202,AWS-RAN-101,2025-03-21 11:00:00+00:00,FP_REMOVED,False,,True,False
202,AWS-RAN-103,2025-03-21 12:00:00+00:00,FP_REMOVED,False,,True,False
202,AWS-RAN-101,2025-03-21 12:00:00+00:00,FP_ADDED,False,,False,True
202,AWS-VAR-101,2025-03-21 13:00:00+00:00,FP_REMOVED,False,,True,False
202,AWS-KOL-101,2025-03-21 14:00:00+00:00,TP_RECOVERED,True,frozen_value,False,True
202,AWS-KOL-015,2025-03-21 14:00:00+00:00,TP_RECOVERED,True,frozen_value,False,True
202,AWS-RAN-101,2025-03-21 16:00:00+00:00,TP_REMOVED,True,frozen_value,True,False
202,AWS-BHO-101,2025-03-21 16:00:00+00:00,TP_RECOVERED,True,drift,False,True
202,AWS-VAR-101,2025-03-21 16:00:00+00:00,TP_RECOVERED,True,frozen_value,False,True
202,AWS-VAR-101,2025-03-21 17:00:00+00:00,TP_REMOVED,True,frozen_value,True,False
202,AWS-RAN-103,2025-03-21 17:00:00+00:00,TP_RECOVERED,True,frozen_value,False,True
202,AWS-RAN-101,2025-03-21 17:00:00+00:00,TP_RECOVERED,True,frozen_value,False,True
202,AWS-BHO-030,2025-03-21 17:00:00+00:00,TP_RECOVERED,True,drift,False,True
202,AWS-KOL-101,2025-03-21 18:00:00+00:00,TP_REMOVED,True,frozen_value,True,False
202,AWS-VAR-101,2025-03-21 19:00:00+00:00,TP_RECOVERED,True,frozen_value,False,True
202,AWS-RAN-103,2025-03-21 19:00:00+00:00,TP_REMOVED,True,frozen_value,True,False
202,AWS-RAN-101,2025-03-21 19:00:00+00:00,TP_REMOVED,True,frozen_value,True,False
202,AWS-VAR-101,2025-03-21 20:00:00+00:00,TP_REMOVED,True,frozen_value,True,False
202,AWS-RAN-103,2025-03-21 20:00:00+00:00,TP_RECOVERED,True,frozen_value,False,True
202,AWS-RAN-101,2025-03-21 21:00:00+00:00,TP_RECOVERED,True,frozen_value,False,True
202,AWS-VAR-101,2025-03-21 21:00:00+00:00,TP_RECOVERED,True,frozen_value,False,True
202,AWS-MUM-007,2025-03-22 15:00:00+00:00,TP_RECOVERED,True,frozen_value,False,True
202,AWS-CHN-024,2025-03-25 19:00:00+00:00,TP_REMOVED,True,drift,True,False
202,AWS-MUM-103,2025-03-25 20:00:00+00:00,TP_REMOVED,True,frozen_value,True,False
202,AWS-MUM-101,2025-03-25 23:00:00+00:00,TP_REMOVED,True,unstructured_anomaly,True,False
202,AWS-BHO-030,2025-03-30 17:00:00+00:00,TP_REMOVED,True,drift,True,False
2024,AWS-CHN-024,2025-03-05 23:00:00+00:00,TP_REMOVED,True,frozen_value,True,False
2024,AWS-RAN-102,2025-03-05 23:00:00+00:00,TP_REMOVED,True,drift,True,False
2024,AWS-RAN-103,2025-03-05 23:00:00+00:00,TP_REMOVED,True,drift,True,False
2024,AWS-CHN-101,2025-03-05 23:00:00+00:00,TP_REMOVED,True,frozen_value,True,False
2024,AWS-BHO-102,2025-03-05 23:00:00+00:00,TP_REMOVED,True,drift,True,False
2024,AWS-VAR-052,2025-03-05 23:00:00+00:00,TP_REMOVED,True,drift,True,False
2024,AWS-CHN-102,2025-03-05 23:00:00+00:00,TP_REMOVED,True,frozen_value,True,False
2024,AWS-RAN-101,2025-03-05 23:00:00+00:00,TP_REMOVED,True,drift,True,False
2024,AWS-CHN-024,2025-03-06 00:00:00+00:00,TP_REMOVED,True,frozen_value,True,False
2024,AWS-RAN-102,2025-03-06 00:00:00+00:00,TP_REMOVED,True,drift,True,False
2024,AWS-BHO-103,2025-03-06 00:00:00+00:00,TP_REMOVED,True,drift,True,False
2024,AWS-VAR-052,2025-03-06 00:00:00+00:00,TP_REMOVED,True,drift,True,False
2024,AWS-RAN-101,2025-03-06 00:00:00+00:00,TP_REMOVED,True,drift,True,False
2024,AWS-BHO-102,2025-03-06 00:00:00+00:00,TP_REMOVED,True,drift,True,False
2024,AWS-DEL-103,2025-03-06 00:00:00+00:00,TP_REMOVED,True,frozen_value,True,False
2024,AWS-RAN-067,2025-03-06 00:00:00+00:00,TP_REMOVED,True,drift,True,False
2024,AWS-CHN-102,2025-03-06 00:00:00+00:00,TP_REMOVED,True,frozen_value,True,False
2024,AWS-CHN-101,2025-03-06 00:00:00+00:00,TP_REMOVED,True,frozen_value,True,False
2024,AWS-RAN-102,2025-03-06 01:00:00+00:00,TP_REMOVED,True,drift,True,False
2024,AWS-CHN-024,2025-03-06 01:00:00+00:00,TP_REMOVED,True,frozen_value,True,False
2024,AWS-RAN-101,2025-03-06 01:00:00+00:00,TP_REMOVED,True,drift,True,False
2024,AWS-VAR-052,2025-03-06 01:00:00+00:00,TP_REMOVED,True,drift,True,False
2024,AWS-RAN-067,2025-03-06 01:00:00+00:00,TP_REMOVED,True,drift,True,False
2024,AWS-CHN-102,2025-03-06 01:00:00+00:00,TP_REMOVED,True,frozen_value,True,False
2024,AWS-DEL-103,2025-03-06 01:00:00+00:00,TP_REMOVED,True,frozen_value,True,False
2024,AWS-RAN-103,2025-03-06 01:00:00+00:00,TP_REMOVED,True,drift,True,False
2024,AWS-CHN-101,2025-03-06 01:00:00+00:00,TP_REMOVED,True,frozen_value,True,False
2024,AWS-BHO-103,2025-03-06 01:00:00+00:00,TP_REMOVED,True,drift,True,False
2024,AWS-BHO-102,2025-03-06 02:00:00+00:00,TP_REMOVED,True,drift,True,False
2024,AWS-BHO-103,2025-03-06 02:00:00+00:00,TP_REMOVED,True,drift,True,False
2024,AWS-DEL-103,2025-03-06 02:00:00+00:00,TP_REMOVED,True,frozen_value,True,False
2024,AWS-VAR-052,2025-03-06 02:00:00+00:00,TP_REMOVED,True,drift,True,False
2024,AWS-MUM-102,2025-03-08 01:00:00+00:00,TP_REMOVED,True,frozen_value,True,False
2024,AWS-MUM-007,2025-03-08 01:00:00+00:00,TP_REMOVED,True,frozen_value,True,False
2024,AWS-DEL-011,2025-03-08 21:00:00+00:00,TP_REMOVED,True,drift,True,False
2024,AWS-BHO-030,2025-03-08 21:00:00+00:00,TP_REMOVED,True,drift,True,False
2024,AWS-DEL-102,2025-03-08 21:00:00+00:00,TP_REMOVED,True,drift,True,False
2024,AWS-BHO-101,2025-03-10 11:00:00+00:00,TP_REMOVED,True,drift,True,False
2024,AWS-DEL-102,2025-03-10 11:00:00+00:00,TP_REMOVED,True,drift,True,False
2024,AWS-BHO-030,2025-03-10 11:00:00+00:00,TP_REMOVED,True,drift,True,False
2024,AWS-BHO-103,2025-03-12 11:00:00+00:00,TP_REMOVED,True,drift,True,False
2024,AWS-RAN-101,2025-03-12 11:00:00+00:00,TP_REMOVED,True,drift,True,False
2024,AWS-BHO-102,2025-03-12 11:00:00+00:00,TP_REMOVED,True,drift,True,False
2024,AWS-CHN-102,2025-03-12 11:00:00+00:00,TP_REMOVED,True,drift,True,False
2024,AWS-CHN-102,2025-03-12 14:00:00+00:00,TP_REMOVED,True,drift,True,False
2024,AWS-VAR-052,2025-03-12 14:00:00+00:00,TP_REMOVED,True,drift,True,False
2024,AWS-CHN-101,2025-03-12 14:00:00+00:00,TP_REMOVED,True,drift,True,False
2024,AWS-KOL-015,2025-03-12 15:00:00+00:00,TP_REMOVED,True,frozen_value,True,False
2024,AWS-MUM-101,2025-03-12 15:00:00+00:00,TP_REMOVED,True,frozen_value,True,False
2024,AWS-KOL-101,2025-03-12 15:00:00+00:00,TP_REMOVED,True,frozen_value,True,False
2024,AWS-CHN-103,2025-03-12 15:00:00+00:00,TP_REMOVED,True,frozen_value,True,False
2024,AWS-KOL-103,2025-03-12 15:00:00+00:00,TP_REMOVED,True,frozen_value,True,False
2024,AWS-MUM-007,2025-03-12 15:00:00+00:00,TP_REMOVED,True,frozen_value,True,False
2024,AWS-DEL-011,2025-03-12 16:00:00+00:00,TP_REMOVED,True,drift,True,False
2024,AWS-VAR-052,2025-03-12 16:00:00+00:00,TP_RECOVERED,True,drift,False,True
2024,AWS-BHO-101,2025-03-12 16:00:00+00:00,TP_REMOVED,True,drift,True,False
2024,AWS-DEL-101,2025-03-12 16:00:00+00:00,TP_REMOVED,True,drift,True,False
2024,AWS-CHN-103,2025-03-12 16:00:00+00:00,TP_REMOVED,True,frozen_value,True,False
2024,AWS-VAR-103,2025-03-12 16:00:00+00:00,TP_REMOVED,True,drift,True,False
2024,AWS-MUM-102,2025-03-12 16:00:00+00:00,TP_REMOVED,True,frozen_value,True,False
2024,AWS-BHO-030,2025-03-12 16:00:00+00:00,TP_REMOVED,True,drift,True,False
2024,AWS-DEL-102,2025-03-12 16:00:00+00:00,TP_REMOVED,True,drift,True,False
2024,AWS-VAR-102,2025-03-12 16:00:00+00:00,TP_REMOVED,True,drift,True,False
2024,AWS-BHO-030,2025-03-12 17:00:00+00:00,TP_REMOVED,True,drift,True,False
2024,AWS-BHO-102,2025-03-12 17:00:00+00:00,TP_RECOVERED,True,drift,False,True
2024,AWS-DEL-101,2025-03-12 17:00:00+00:00,TP_REMOVED,True,drift,True,False
2024,AWS-DEL-102,2025-03-12 17:00:00+00:00,TP_REMOVED,True,drift,True,False
2024,AWS-KOL-015,2025-03-12 17:00:00+00:00,TP_REMOVED,True,frozen_value,True,False
2024,AWS-DEL-011,2025-03-12 17:00:00+00:00,TP_REMOVED,True,drift,True,False
2024,AWS-VAR-103,2025-03-12 18:00:00+00:00,TP_REMOVED,True,drift,True,False
2024,AWS-KOL-103,2025-03-12 18:00:00+00:00,TP_REMOVED,True,frozen_value,True,False
2024,AWS-DEL-103,2025-03-12 19:00:00+00:00,TP_REMOVED,True,drift,True,False
2024,AWS-CHN-101,2025-03-12 19:00:00+00:00,TP_RECOVERED,True,drift,False,True
2024,AWS-DEL-101,2025-03-12 21:00:00+00:00,TP_RECOVERED,True,drift,False,True
2024,AWS-RAN-102,2025-03-12 21:00:00+00:00,TP_REMOVED,True,drift,True,False
2024,AWS-DEL-102,2025-03-12 21:00:00+00:00,TP_REMOVED,True,drift,True,False
2024,AWS-RAN-101,2025-03-12 21:00:00+00:00,TP_REMOVED,True,drift,True,False
2024,AWS-VAR-102,2025-03-12 22:00:00+00:00,TP_RECOVERED,True,drift,False,True
2024,AWS-DEL-011,2025-03-12 22:00:00+00:00,TP_RECOVERED,True,drift,False,True
2024,AWS-RAN-101,2025-03-12 22:00:00+00:00,TP_REMOVED,True,drift,True,False
2024,AWS-DEL-101,2025-03-12 22:00:00+00:00,TP_REMOVED,True,drift,True,False
2024,AWS-RAN-101,2025-03-12 23:00:00+00:00,TP_RECOVERED,True,drift,False,True
2024,AWS-DEL-011,2025-03-12 23:00:00+00:00,TP_REMOVED,True,drift,True,False
2024,AWS-DEL-102,2025-03-12 23:00:00+00:00,TP_RECOVERED,True,drift,False,True
2024,AWS-RAN-067,2025-03-13 00:00:00+00:00,TP_RECOVERED,True,drift,False,True
2024,AWS-RAN-067,2025-03-13 01:00:00+00:00,TP_REMOVED,True,drift,True,False
2024,AWS-BHO-103,2025-03-13 11:00:00+00:00,TP_RECOVERED,True,drift,False,True
2024,AWS-CHN-102,2025-03-13 15:00:00+00:00,TP_REMOVED,True,drift,True,False
2024,AWS-BHO-103,2025-03-13 15:00:00+00:00,TP_REMOVED,True,drift,True,False
2024,AWS-RAN-067,2025-03-13 15:00:00+00:00,TP_REMOVED,True,drift,True,False
2024,AWS-CHN-024,2025-03-13 15:00:00+00:00,TP_REMOVED,True,drift,True,False
2024,AWS-DEL-103,2025-03-13 16:00:00+00:00,TP_REMOVED,True,drift,True,False
2024,AWS-RAN-102,2025-03-13 16:00:00+00:00,TP_REMOVED,True,drift,True,False
2024,AWS-VAR-052,2025-03-13 16:00:00+00:00,TP_REMOVED,True,drift,True,False
2024,AWS-CHN-101,2025-03-13 16:00:00+00:00,TP_REMOVED,True,drift,True,False
2024,AWS-BHO-102,2025-03-13 16:00:00+00:00,TP_REMOVED,True,drift,True,False
2024,AWS-RAN-101,2025-03-13 17:00:00+00:00,TP_REMOVED,True,drift,True,False
2024,AWS-CHN-024,2025-03-13 17:00:00+00:00,TP_REMOVED,True,drift,True,False
2024,AWS-CHN-102,2025-03-13 17:00:00+00:00,TP_REMOVED,True,drift,True,False
2024,AWS-CHN-101,2025-03-13 17:00:00+00:00,TP_REMOVED,True,drift,True,False
2024,AWS-BHO-103,2025-03-13 17:00:00+00:00,TP_REMOVED,True,drift,True,False
2024,AWS-RAN-101,2025-03-13 19:00:00+00:00,TP_REMOVED,True,drift,True,False
2024,AWS-CHN-102,2025-03-13 20:00:00+00:00,TP_REMOVED,True,drift,True,False
2024,AWS-VAR-052,2025-03-13 20:00:00+00:00,TP_REMOVED,True,drift,True,False
2024,AWS-CHN-024,2025-03-13 20:00:00+00:00,TP_REMOVED,True,drift,True,False
2024,AWS-BHO-102,2025-03-13 20:00:00+00:00,TP_REMOVED,True,drift,True,False
2024,AWS-CHN-101,2025-03-13 21:00:00+00:00,TP_REMOVED,True,drift,True,False
2024,AWS-BHO-102,2025-03-13 21:00:00+00:00,TP_REMOVED,True,drift,True,False
2024,AWS-CHN-024,2025-03-13 21:00:00+00:00,TP_REMOVED,True,drift,True,False
2024,AWS-CHN-102,2025-03-13 21:00:00+00:00,TP_REMOVED,True,drift,True,False
2024,AWS-RAN-102,2025-03-13 21:00:00+00:00,TP_REMOVED,True,drift,True,False
2024,AWS-VAR-052,2025-03-13 21:00:00+00:00,TP_REMOVED,True,drift,True,False
2024,AWS-DEL-103,2025-03-13 21:00:00+00:00,TP_REMOVED,True,drift,True,False
2024,AWS-CHN-103,2025-03-19 07:00:00+00:00,TP_REMOVED,True,drift,True,False
2024,AWS-KOL-015,2025-03-19 07:00:00+00:00,TP_REMOVED,True,drift,True,False
2024,AWS-CHN-101,2025-03-20 14:00:00+00:00,TP_RECOVERED,True,drift,False,True
2024,AWS-DEL-011,2025-03-21 07:00:00+00:00,FP_REMOVED,False,,True,False
2024,AWS-CHN-103,2025-03-21 16:00:00+00:00,TP_REMOVED,True,unstructured_anomaly,True,False
2024,AWS-KOL-102,2025-03-23 17:00:00+00:00,TP_REMOVED,True,frozen_value,True,False
2024,AWS-CHN-024,2025-03-23 23:00:00+00:00,TP_REMOVED,True,multivariate_inconsistency,True,False
2024,AWS-CHN-102,2025-03-23 23:00:00+00:00,TP_REMOVED,True,multivariate_inconsistency,True,False
2024,AWS-RAN-103,2025-03-23 23:00:00+00:00,TP_REMOVED,True,multivariate_inconsistency,True,False
2024,AWS-RAN-101,2025-03-23 23:00:00+00:00,TP_REMOVED,True,multivariate_inconsistency,True,False
2024,AWS-CHN-101,2025-03-23 23:00:00+00:00,TP_REMOVED,True,multivariate_inconsistency,True,False
2024,AWS-RAN-103,2025-03-24 00:00:00+00:00,TP_REMOVED,True,multivariate_inconsistency,True,False
2024,AWS-RAN-101,2025-03-24 00:00:00+00:00,TP_REMOVED,True,multivariate_inconsistency,True,False
2024,AWS-RAN-067,2025-03-24 01:00:00+00:00,TP_REMOVED,True,multivariate_inconsistency,True,False
2024,AWS-MUM-102,2025-03-28 03:00:00+00:00,TP_REMOVED,True,frozen_value,True,False
2024,AWS-MUM-101,2025-03-28 03:00:00+00:00,TP_REMOVED,True,frozen_value,True,False
2024,AWS-MUM-103,2025-03-28 03:00:00+00:00,TP_REMOVED,True,frozen_value,True,False
2024,AWS-MUM-007,2025-03-28 03:00:00+00:00,TP_REMOVED,True,frozen_value,True,False
2024,AWS-KOL-015,2025-03-28 14:00:00+00:00,FP_ADDED,False,,False,True
2024,AWS-KOL-015,2025-03-28 15:00:00+00:00,FP_REMOVED,False,,True,False
2024,AWS-VAR-101,2025-03-28 15:00:00+00:00,TP_REMOVED,True,drift,True,False
2024,AWS-MUM-007,2025-03-28 15:00:00+00:00,FP_ADDED,False,,False,True
2024,AWS-MUM-102,2025-03-28 16:00:00+00:00,TP_RECOVERED,True,drift,False,True
2024,AWS-MUM-007,2025-03-28 16:00:00+00:00,TP_REMOVED,True,drift,True,False
2024,AWS-BHO-030,2025-03-30 17:00:00+00:00,FP_REMOVED,False,,True,False
8888,AWS-BHO-103,2025-03-07 03:00:00+00:00,TP_REMOVED,True,frozen_value,True,False
8888,AWS-VAR-101,2025-03-07 03:00:00+00:00,TP_REMOVED,True,frozen_value,True,False
8888,AWS-CHN-024,2025-03-09 06:00:00+00:00,TP_REMOVED,True,drift,True,False
8888,AWS-CHN-102,2025-03-09 07:00:00+00:00,TP_REMOVED,True,frozen_value,True,False
8888,AWS-KOL-015,2025-03-09 07:00:00+00:00,TP_REMOVED,True,frozen_value,True,False
8888,AWS-KOL-101,2025-03-09 07:00:00+00:00,TP_REMOVED,True,frozen_value,True,False
8888,AWS-KOL-102,2025-03-09 07:00:00+00:00,TP_REMOVED,True,frozen_value,True,False
8888,AWS-KOL-103,2025-03-09 07:00:00+00:00,TP_REMOVED,True,frozen_value,True,False
8888,AWS-CHN-103,2025-03-09 07:00:00+00:00,TP_REMOVED,True,frozen_value,True,False
8888,AWS-RAN-101,2025-03-09 07:00:00+00:00,TP_REMOVED,True,frozen_value,True,False
8888,AWS-RAN-067,2025-03-09 08:00:00+00:00,TP_REMOVED,True,frozen_value,True,False
8888,AWS-DEL-011,2025-03-09 15:00:00+00:00,TP_RECOVERED,True,drift,False,True
8888,AWS-CHN-101,2025-03-09 15:00:00+00:00,FP_REMOVED,False,,True,False
8888,AWS-KOL-102,2025-03-09 19:00:00+00:00,FP_ADDED,False,,False,True
8888,AWS-KOL-015,2025-03-09 21:00:00+00:00,TP_RECOVERED,True,multivariate_inconsistency,False,True
8888,AWS-CHN-101,2025-03-09 21:00:00+00:00,TP_RECOVERED,True,multivariate_inconsistency,False,True
8888,AWS-CHN-103,2025-03-09 21:00:00+00:00,TP_RECOVERED,True,multivariate_inconsistency,False,True
8888,AWS-CHN-101,2025-03-09 22:00:00+00:00,TP_RECOVERED,True,multivariate_inconsistency,False,True
8888,AWS-CHN-103,2025-03-09 22:00:00+00:00,TP_RECOVERED,True,multivariate_inconsistency,False,True
8888,AWS-MUM-102,2025-03-09 23:00:00+00:00,TP_RECOVERED,True,multivariate_inconsistency,False,True
8888,AWS-CHN-101,2025-03-09 23:00:00+00:00,TP_RECOVERED,True,multivariate_inconsistency,False,True
8888,AWS-KOL-102,2025-03-10 00:00:00+00:00,TP_RECOVERED,True,multivariate_inconsistency,False,True
8888,AWS-KOL-101,2025-03-10 00:00:00+00:00,TP_RECOVERED,True,multivariate_inconsistency,False,True
8888,AWS-CHN-103,2025-03-10 00:00:00+00:00,TP_REMOVED,True,multivariate_inconsistency,True,False
8888,AWS-CHN-103,2025-03-10 02:00:00+00:00,FP_ADDED,False,,False,True
8888,AWS-CHN-102,2025-03-10 13:00:00+00:00,TP_RECOVERED,True,drift,False,True
8888,AWS-CHN-024,2025-03-10 14:00:00+00:00,TP_RECOVERED,True,drift,False,True
8888,AWS-CHN-102,2025-03-14 23:00:00+00:00,TP_REMOVED,True,drift,True,False
8888,AWS-CHN-101,2025-03-14 23:00:00+00:00,TP_REMOVED,True,drift,True,False
8888,AWS-CHN-024,2025-03-14 23:00:00+00:00,TP_REMOVED,True,drift,True,False
8888,AWS-VAR-102,2025-03-14 23:00:00+00:00,TP_REMOVED,True,drift,True,False
8888,AWS-CHN-024,2025-03-15 00:00:00+00:00,TP_REMOVED,True,drift,True,False
8888,AWS-CHN-102,2025-03-15 00:00:00+00:00,TP_REMOVED,True,drift,True,False
8888,AWS-CHN-101,2025-03-15 00:00:00+00:00,TP_REMOVED,True,drift,True,False
8888,AWS-DEL-011,2025-03-17 19:00:00+00:00,TP_REMOVED,True,frozen_value,True,False
8888,AWS-VAR-103,2025-03-17 19:00:00+00:00,TP_REMOVED,True,frozen_value,True,False
8888,AWS-VAR-052,2025-03-17 19:00:00+00:00,TP_REMOVED,True,frozen_value,True,False
8888,AWS-BHO-101,2025-03-17 19:00:00+00:00,TP_REMOVED,True,frozen_value,True,False
8888,AWS-BHO-102,2025-03-17 19:00:00+00:00,TP_REMOVED,True,frozen_value,True,False
8888,AWS-VAR-101,2025-03-17 22:00:00+00:00,FP_REMOVED,False,,True,False
8888,AWS-VAR-101,2025-03-19 15:00:00+00:00,TP_RECOVERED,True,multivariate_inconsistency,False,True
8888,AWS-VAR-052,2025-03-26 06:00:00+00:00,TP_REMOVED,True,frozen_value,True,False
8888,AWS-VAR-103,2025-03-26 06:00:00+00:00,TP_REMOVED,True,frozen_value,True,False
8888,AWS-KOL-102,2025-03-26 14:00:00+00:00,FP_REMOVED,False,,True,False
8888,AWS-KOL-101,2025-03-26 14:00:00+00:00,FP_REMOVED,False,,True,False
8888,AWS-KOL-103,2025-03-26 14:00:00+00:00,FP_REMOVED,False,,True,False
8888,AWS-KOL-015,2025-03-26 14:00:00+00:00,FP_REMOVED,False,,True,False
8888,AWS-CHN-101,2025-03-26 14:00:00+00:00,TP_RECOVERED,True,drift,False,True
8888,AWS-CHN-102,2025-03-26 14:00:00+00:00,TP_RECOVERED,True,drift,False,True
8888,AWS-DEL-011,2025-03-26 15:00:00+00:00,TP_REMOVED,True,drift,True,False
8888,AWS-KOL-102,2025-03-26 15:00:00+00:00,TP_REMOVED,True,drift,True,False
8888,AWS-VAR-103,2025-03-26 16:00:00+00:00,TP_REMOVED,True,drift,True,False
8888,AWS-VAR-052,2025-03-26 17:00:00+00:00,TP_RECOVERED,True,drift,False,True
8888,AWS-DEL-101,2025-03-26 17:00:00+00:00,TP_RECOVERED,True,drift,False,True
8888,AWS-BHO-101,2025-03-27 01:00:00+00:00,TP_REMOVED,True,drift,True,False
8888,AWS-BHO-102,2025-03-29 23:00:00+00:00,FP_REMOVED,False,,True,False
8888,AWS-BHO-030,2025-03-30 17:00:00+00:00,FP_REMOVED,False,,True,False
20260924,AWS-MUM-101,2025-03-07 20:00:00+00:00,TP_REMOVED,True,frozen_value,True,False
20260924,AWS-MUM-103,2025-03-07 20:00:00+00:00,TP_REMOVED,True,frozen_value,True,False
20260924,AWS-MUM-101,2025-03-07 21:00:00+00:00,TP_REMOVED,True,frozen_value,True,False
20260924,AWS-MUM-101,2025-03-08 02:00:00+00:00,TP_RECOVERED,True,frozen_value,False,True
20260924,AWS-MUM-103,2025-03-09 21:00:00+00:00,TP_REMOVED,True,frozen_value,True,False
20260924,AWS-CHN-102,2025-03-09 21:00:00+00:00,TP_REMOVED,True,frozen_value,True,False
20260924,AWS-VAR-101,2025-03-09 21:00:00+00:00,TP_REMOVED,True,frozen_value,True,False
20260924,AWS-MUM-101,2025-03-09 21:00:00+00:00,TP_REMOVED,True,frozen_value,True,False
20260924,AWS-CHN-024,2025-03-09 21:00:00+00:00,TP_REMOVED,True,frozen_value,True,False
20260924,AWS-BHO-102,2025-03-09 21:00:00+00:00,TP_REMOVED,True,drift,True,False
20260924,AWS-CHN-101,2025-03-09 21:00:00+00:00,TP_REMOVED,True,frozen_value,True,False
20260924,AWS-BHO-101,2025-03-09 21:00:00+00:00,TP_REMOVED,True,drift,True,False
20260924,AWS-RAN-103,2025-03-09 21:00:00+00:00,TP_REMOVED,True,frozen_value,True,False
20260924,AWS-DEL-011,2025-03-09 21:00:00+00:00,TP_REMOVED,True,frozen_value,True,False
20260924,AWS-KOL-101,2025-03-09 21:00:00+00:00,TP_REMOVED,True,frozen_value,True,False
20260924,AWS-KOL-101,2025-03-10 06:00:00+00:00,TP_RECOVERED,True,drift,False,True
20260924,AWS-VAR-101,2025-03-10 15:00:00+00:00,TP_RECOVERED,True,drift,False,True
20260924,AWS-DEL-101,2025-03-11 16:00:00+00:00,TP_REMOVED,True,frozen_value,True,False
20260924,AWS-RAN-102,2025-03-11 16:00:00+00:00,TP_REMOVED,True,frozen_value,True,False
20260924,AWS-VAR-102,2025-03-11 16:00:00+00:00,TP_REMOVED,True,frozen_value,True,False
20260924,AWS-DEL-103,2025-03-11 16:00:00+00:00,TP_REMOVED,True,frozen_value,True,False
20260924,AWS-VAR-052,2025-03-11 16:00:00+00:00,TP_REMOVED,True,drift,True,False
20260924,AWS-KOL-015,2025-03-11 16:00:00+00:00,TP_REMOVED,True,frozen_value,True,False
20260924,AWS-KOL-103,2025-03-11 16:00:00+00:00,TP_REMOVED,True,frozen_value,True,False
20260924,AWS-KOL-102,2025-03-11 16:00:00+00:00,TP_REMOVED,True,frozen_value,True,False
20260924,AWS-MUM-007,2025-03-11 16:00:00+00:00,TP_REMOVED,True,frozen_value,True,False
20260924,AWS-MUM-102,2025-03-11 16:00:00+00:00,TP_REMOVED,True,frozen_value,True,False
20260924,AWS-DEL-102,2025-03-11 16:00:00+00:00,TP_REMOVED,True,frozen_value,True,False
20260924,AWS-CHN-103,2025-03-11 17:00:00+00:00,TP_REMOVED,True,frozen_value,True,False
20260924,AWS-RAN-101,2025-03-11 17:00:00+00:00,TP_REMOVED,True,frozen_value,True,False
20260924,AWS-RAN-067,2025-03-11 17:00:00+00:00,TP_REMOVED,True,frozen_value,True,False
20260924,AWS-BHO-030,2025-03-11 17:00:00+00:00,TP_REMOVED,True,drift,True,False
20260924,AWS-KOL-103,2025-03-11 18:00:00+00:00,TP_REMOVED,True,frozen_value,True,False
20260924,AWS-RAN-102,2025-03-11 18:00:00+00:00,TP_REMOVED,True,frozen_value,True,False
20260924,AWS-KOL-102,2025-03-11 18:00:00+00:00,TP_REMOVED,True,frozen_value,True,False
20260924,AWS-VAR-103,2025-03-11 18:00:00+00:00,TP_REMOVED,True,frozen_value,True,False
20260924,AWS-VAR-052,2025-03-11 18:00:00+00:00,TP_REMOVED,True,drift,True,False
20260924,AWS-CHN-024,2025-03-13 13:00:00+00:00,TP_RECOVERED,True,frozen_value,False,True
20260924,AWS-CHN-103,2025-03-13 18:00:00+00:00,TP_REMOVED,True,frozen_value,True,False
20260924,AWS-KOL-103,2025-03-13 18:00:00+00:00,TP_REMOVED,True,frozen_value,True,False
20260924,AWS-VAR-102,2025-03-13 18:00:00+00:00,TP_REMOVED,True,frozen_value,True,False
20260924,AWS-DEL-103,2025-03-13 18:00:00+00:00,TP_REMOVED,True,frozen_value,True,False
20260924,AWS-DEL-102,2025-03-13 18:00:00+00:00,TP_REMOVED,True,frozen_value,True,False
20260924,AWS-MUM-102,2025-03-13 18:00:00+00:00,TP_REMOVED,True,frozen_value,True,False
20260924,AWS-DEL-101,2025-03-13 18:00:00+00:00,TP_REMOVED,True,frozen_value,True,False
20260924,AWS-VAR-101,2025-03-13 18:00:00+00:00,TP_REMOVED,True,frozen_value,True,False
20260924,AWS-BHO-030,2025-03-13 20:00:00+00:00,TP_REMOVED,True,frozen_value,True,False
20260924,AWS-MUM-007,2025-03-13 20:00:00+00:00,TP_REMOVED,True,frozen_value,True,False
20260924,AWS-VAR-102,2025-03-13 20:00:00+00:00,TP_REMOVED,True,frozen_value,True,False
20260924,AWS-MUM-102,2025-03-13 20:00:00+00:00,TP_REMOVED,True,frozen_value,True,False
20260924,AWS-DEL-101,2025-03-13 20:00:00+00:00,TP_REMOVED,True,frozen_value,True,False
20260924,AWS-VAR-052,2025-03-13 20:00:00+00:00,TP_REMOVED,True,frozen_value,True,False
20260924,AWS-DEL-102,2025-03-13 20:00:00+00:00,TP_REMOVED,True,frozen_value,True,False
20260924,AWS-BHO-030,2025-03-13 21:00:00+00:00,FP_REMOVED,False,,True,False
20260924,AWS-VAR-103,2025-03-13 23:00:00+00:00,TP_REMOVED,True,frozen_value,True,False
20260924,AWS-BHO-030,2025-03-14 00:00:00+00:00,TP_RECOVERED,True,frozen_value,False,True
20260924,AWS-BHO-030,2025-03-14 03:00:00+00:00,TP_REMOVED,True,frozen_value,True,False
20260924,AWS-RAN-101,2025-03-14 05:00:00+00:00,TP_REMOVED,True,frozen_value,True,False
20260924,AWS-CHN-103,2025-03-14 06:00:00+00:00,FP_ADDED,False,,False,True
20260924,AWS-CHN-103,2025-03-14 07:00:00+00:00,FP_REMOVED,False,,True,False
20260924,AWS-VAR-103,2025-03-14 15:00:00+00:00,TP_REMOVED,True,drift,True,False
20260924,AWS-MUM-007,2025-03-16 03:00:00+00:00,TP_REMOVED,True,drift,True,False
20260924,AWS-MUM-102,2025-03-16 03:00:00+00:00,TP_REMOVED,True,drift,True,False
20260924,AWS-DEL-102,2025-03-16 03:00:00+00:00,TP_REMOVED,True,drift,True,False
20260924,AWS-DEL-101,2025-03-16 06:00:00+00:00,TP_REMOVED,True,frozen_value,True,False
20260924,AWS-VAR-103,2025-03-16 06:00:00+00:00,TP_REMOVED,True,frozen_value,True,False
20260924,AWS-DEL-101,2025-03-16 20:00:00+00:00,FP_REMOVED,False,,True,False
20260924,AWS-DEL-101,2025-03-16 21:00:00+00:00,FP_ADDED,False,,False,True
20260924,AWS-KOL-103,2025-03-17 01:00:00+00:00,FP_REMOVED,False,,True,False
20260924,AWS-KOL-101,2025-03-19 11:00:00+00:00,TP_REMOVED,True,frozen_value,True,False
20260924,AWS-DEL-011,2025-03-19 11:00:00+00:00,TP_REMOVED,True,frozen_value,True,False
20260924,AWS-CHN-101,2025-03-19 11:00:00+00:00,TP_REMOVED,True,frozen_value,True,False
20260924,AWS-VAR-101,2025-03-19 11:00:00+00:00,TP_REMOVED,True,frozen_value,True,False
20260924,AWS-CHN-024,2025-03-19 11:00:00+00:00,TP_REMOVED,True,frozen_value,True,False
20260924,AWS-CHN-024,2025-03-19 13:00:00+00:00,TP_REMOVED,True,frozen_value,True,False
20260924,AWS-CHN-024,2025-03-19 14:00:00+00:00,TP_REMOVED,True,frozen_value,True,False
20260924,AWS-KOL-101,2025-03-19 14:00:00+00:00,TP_REMOVED,True,frozen_value,True,False
20260924,AWS-CHN-102,2025-03-19 14:00:00+00:00,TP_REMOVED,True,frozen_value,True,False
20260924,AWS-VAR-101,2025-03-19 14:00:00+00:00,TP_REMOVED,True,frozen_value,True,False
20260924,AWS-CHN-101,2025-03-19 14:00:00+00:00,TP_REMOVED,True,frozen_value,True,False
20260924,AWS-CHN-024,2025-03-20 06:00:00+00:00,TP_REMOVED,True,frozen_value,True,False
20260924,AWS-MUM-101,2025-03-20 15:00:00+00:00,FP_ADDED,False,,False,True
20260924,AWS-KOL-103,2025-03-23 23:00:00+00:00,TP_REMOVED,True,frozen_value,True,False
20260924,AWS-RAN-102,2025-03-23 23:00:00+00:00,TP_REMOVED,True,frozen_value,True,False
20260924,AWS-KOL-015,2025-03-23 23:00:00+00:00,TP_REMOVED,True,frozen_value,True,False
20260924,AWS-VAR-102,2025-03-23 23:00:00+00:00,TP_REMOVED,True,frozen_value,True,False
20260924,AWS-KOL-102,2025-03-23 23:00:00+00:00,TP_REMOVED,True,frozen_value,True,False
20260924,AWS-VAR-103,2025-03-23 23:00:00+00:00,TP_REMOVED,True,frozen_value,True,False
20260924,AWS-DEL-103,2025-03-23 23:00:00+00:00,TP_REMOVED,True,frozen_value,True,False
20260924,AWS-RAN-067,2025-03-23 23:00:00+00:00,TP_REMOVED,True,frozen_value,True,False
20260924,AWS-CHN-103,2025-03-23 23:00:00+00:00,TP_REMOVED,True,frozen_value,True,False
20260924,AWS-RAN-101,2025-03-23 23:00:00+00:00,TP_REMOVED,True,frozen_value,True,False
20260924,AWS-DEL-102,2025-03-23 23:00:00+00:00,TP_REMOVED,True,frozen_value,True,False
20260924,AWS-MUM-007,2025-03-23 23:00:00+00:00,TP_REMOVED,True,frozen_value,True,False
20260924,AWS-MUM-102,2025-03-24 00:00:00+00:00,TP_REMOVED,True,frozen_value,True,False
20260924,AWS-MUM-007,2025-03-24 00:00:00+00:00,TP_REMOVED,True,frozen_value,True,False
20260924,AWS-KOL-015,2025-03-24 00:00:00+00:00,TP_REMOVED,True,frozen_value,True,False
20260924,AWS-VAR-103,2025-03-24 00:00:00+00:00,TP_REMOVED,True,frozen_value,True,False
20260924,AWS-VAR-052,2025-03-24 00:00:00+00:00,TP_REMOVED,True,frozen_value,True,False
20260924,AWS-DEL-103,2025-03-24 00:00:00+00:00,TP_REMOVED,True,frozen_value,True,False
20260924,AWS-KOL-102,2025-03-24 00:00:00+00:00,TP_REMOVED,True,frozen_value,True,False
20260924,AWS-KOL-103,2025-03-24 00:00:00+00:00,TP_REMOVED,True,frozen_value,True,False
20260924,AWS-DEL-101,2025-03-24 00:00:00+00:00,TP_REMOVED,True,frozen_value,True,False
20260924,AWS-RAN-101,2025-03-24 00:00:00+00:00,TP_REMOVED,True,frozen_value,True,False
20260924,AWS-RAN-067,2025-03-24 00:00:00+00:00,TP_REMOVED,True,frozen_value,True,False
20260924,AWS-RAN-101,2025-03-24 01:00:00+00:00,TP_REMOVED,True,frozen_value,True,False
20260924,AWS-RAN-067,2025-03-24 01:00:00+00:00,TP_REMOVED,True,frozen_value,True,False
20260924,AWS-VAR-052,2025-03-24 01:00:00+00:00,TP_REMOVED,True,frozen_value,True,False
20260924,AWS-MUM-102,2025-03-24 01:00:00+00:00,TP_REMOVED,True,frozen_value,True,False
20260924,AWS-MUM-007,2025-03-24 01:00:00+00:00,TP_REMOVED,True,frozen_value,True,False
20260924,AWS-MUM-102,2025-03-24 02:00:00+00:00,TP_REMOVED,True,frozen_value,True,False
20260924,AWS-CHN-103,2025-03-24 06:00:00+00:00,FP_ADDED,False,,False,True
20260924,AWS-RAN-067,2025-03-25 01:00:00+00:00,TP_RECOVERED,True,drift,False,True
20260924,AWS-BHO-030,2025-03-28 16:00:00+00:00,TP_REMOVED,True,drift,True,False
20260924,AWS-BHO-101,2025-03-28 17:00:00+00:00,FP_REMOVED,False,,True,False
20260924,AWS-BHO-101,2025-03-28 23:00:00+00:00,TP_RECOVERED,True,frozen_value,False,True
20260924,AWS-BHO-030,2025-03-30 17:00:00+00:00,FP_REMOVED,False,,True,False
45456231412727229999,AWS-RAN-067,2025-03-06 23:00:00+00:00,TP_REMOVED,True,frozen_value,True,False
45456231412727229999,AWS-RAN-102,2025-03-06 23:00:00+00:00,TP_REMOVED,True,frozen_value,True,False
45456231412727229999,AWS-RAN-103,2025-03-06 23:00:00+00:00,TP_REMOVED,True,frozen_value,True,False
45456231412727229999,AWS-RAN-101,2025-03-06 23:00:00+00:00,TP_REMOVED,True,frozen_value,True,False
45456231412727229999,AWS-RAN-101,2025-03-07 00:00:00+00:00,TP_REMOVED,True,frozen_value,True,False
45456231412727229999,AWS-RAN-102,2025-03-07 00:00:00+00:00,TP_REMOVED,True,frozen_value,True,False
45456231412727229999,AWS-RAN-103,2025-03-07 00:00:00+00:00,TP_REMOVED,True,frozen_value,True,False
45456231412727229999,AWS-RAN-067,2025-03-07 00:00:00+00:00,TP_REMOVED,True,frozen_value,True,False
45456231412727229999,AWS-VAR-103,2025-03-08 00:00:00+00:00,TP_REMOVED,True,frozen_value,True,False
45456231412727229999,AWS-RAN-103,2025-03-08 00:00:00+00:00,TP_RECOVERED,True,multivariate_inconsistency,False,True
45456231412727229999,AWS-KOL-102,2025-03-08 00:00:00+00:00,TP_REMOVED,True,frozen_value,True,False
45456231412727229999,AWS-MUM-102,2025-03-08 00:00:00+00:00,TP_REMOVED,True,frozen_value,True,False
45456231412727229999,AWS-KOL-015,2025-03-08 00:00:00+00:00,TP_REMOVED,True,frozen_value,True,False
45456231412727229999,AWS-CHN-101,2025-03-08 00:00:00+00:00,TP_REMOVED,True,frozen_value,True,False
45456231412727229999,AWS-MUM-101,2025-03-08 00:00:00+00:00,TP_REMOVED,True,frozen_value,True,False
45456231412727229999,AWS-DEL-103,2025-03-08 00:00:00+00:00,TP_REMOVED,True,frozen_value,True,False
45456231412727229999,AWS-KOL-101,2025-03-08 00:00:00+00:00,TP_REMOVED,True,frozen_value,True,False
45456231412727229999,AWS-MUM-007,2025-03-08 00:00:00+00:00,TP_REMOVED,True,frozen_value,True,False
45456231412727229999,AWS-MUM-101,2025-03-08 02:00:00+00:00,FP_REMOVED,False,,True,False
45456231412727229999,AWS-MUM-103,2025-03-08 02:00:00+00:00,FP_REMOVED,False,,True,False
45456231412727229999,AWS-DEL-103,2025-03-08 03:00:00+00:00,FP_REMOVED,False,,True,False
45456231412727229999,AWS-CHN-024,2025-03-12 07:00:00+00:00,TP_REMOVED,True,drift,True,False
45456231412727229999,AWS-CHN-101,2025-03-12 07:00:00+00:00,TP_REMOVED,True,drift,True,False
45456231412727229999,AWS-CHN-024,2025-03-12 13:00:00+00:00,TP_RECOVERED,True,drift,False,True
45456231412727229999,AWS-BHO-102,2025-03-12 16:00:00+00:00,TP_REMOVED,True,frozen_value,True,False
45456231412727229999,AWS-BHO-030,2025-03-12 17:00:00+00:00,TP_REMOVED,True,frozen_value,True,False
45456231412727229999,AWS-VAR-101,2025-03-12 17:00:00+00:00,TP_REMOVED,True,frozen_value,True,False
45456231412727229999,AWS-BHO-101,2025-03-12 17:00:00+00:00,TP_REMOVED,True,frozen_value,True,False
45456231412727229999,AWS-BHO-103,2025-03-12 20:00:00+00:00,FP_REMOVED,False,,True,False
45456231412727229999,AWS-BHO-101,2025-03-12 22:00:00+00:00,FP_ADDED,False,,False,True
45456231412727229999,AWS-KOL-103,2025-03-13 14:00:00+00:00,TP_REMOVED,True,drift,True,False
45456231412727229999,AWS-CHN-024,2025-03-13 14:00:00+00:00,TP_REMOVED,True,frozen_value,True,False
45456231412727229999,AWS-CHN-101,2025-03-13 14:00:00+00:00,TP_REMOVED,True,frozen_value,True,False
45456231412727229999,AWS-VAR-103,2025-03-13 15:00:00+00:00,TP_REMOVED,True,drift,True,False
45456231412727229999,AWS-DEL-102,2025-03-13 15:00:00+00:00,TP_REMOVED,True,drift,True,False
45456231412727229999,AWS-DEL-101,2025-03-13 15:00:00+00:00,TP_REMOVED,True,drift,True,False
45456231412727229999,AWS-MUM-007,2025-03-13 15:00:00+00:00,TP_REMOVED,True,drift,True,False
45456231412727229999,AWS-MUM-101,2025-03-13 15:00:00+00:00,TP_REMOVED,True,drift,True,False
45456231412727229999,AWS-MUM-103,2025-03-13 15:00:00+00:00,TP_REMOVED,True,drift,True,False
45456231412727229999,AWS-KOL-101,2025-03-13 15:00:00+00:00,TP_REMOVED,True,drift,True,False
45456231412727229999,AWS-KOL-103,2025-03-13 15:00:00+00:00,TP_REMOVED,True,drift,True,False
45456231412727229999,AWS-KOL-102,2025-03-13 15:00:00+00:00,TP_REMOVED,True,drift,True,False
45456231412727229999,AWS-KOL-015,2025-03-13 15:00:00+00:00,TP_REMOVED,True,drift,True,False
45456231412727229999,AWS-MUM-102,2025-03-13 16:00:00+00:00,TP_REMOVED,True,drift,True,False
45456231412727229999,AWS-KOL-103,2025-03-13 16:00:00+00:00,TP_REMOVED,True,drift,True,False
45456231412727229999,AWS-KOL-101,2025-03-13 16:00:00+00:00,TP_REMOVED,True,drift,True,False
45456231412727229999,AWS-DEL-101,2025-03-13 16:00:00+00:00,TP_REMOVED,True,drift,True,False
45456231412727229999,AWS-KOL-015,2025-03-13 16:00:00+00:00,TP_REMOVED,True,drift,True,False
45456231412727229999,AWS-MUM-103,2025-03-13 16:00:00+00:00,TP_REMOVED,True,drift,True,False
45456231412727229999,AWS-KOL-102,2025-03-13 16:00:00+00:00,TP_REMOVED,True,drift,True,False
45456231412727229999,AWS-VAR-103,2025-03-13 16:00:00+00:00,TP_REMOVED,True,drift,True,False
45456231412727229999,AWS-MUM-101,2025-03-13 16:00:00+00:00,TP_REMOVED,True,drift,True,False
45456231412727229999,AWS-KOL-103,2025-03-13 18:00:00+00:00,TP_REMOVED,True,drift,True,False
45456231412727229999,AWS-MUM-101,2025-03-13 22:00:00+00:00,TP_REMOVED,True,drift,True,False
45456231412727229999,AWS-MUM-101,2025-03-13 23:00:00+00:00,TP_RECOVERED,True,drift,False,True
45456231412727229999,AWS-KOL-103,2025-03-13 23:00:00+00:00,TP_RECOVERED,True,drift,False,True
45456231412727229999,AWS-CHN-103,2025-03-14 02:00:00+00:00,TP_REMOVED,True,frozen_value,True,False
45456231412727229999,AWS-DEL-011,2025-03-14 03:00:00+00:00,TP_REMOVED,True,drift,True,False
45456231412727229999,AWS-MUM-103,2025-03-14 03:00:00+00:00,TP_REMOVED,True,frozen_value,True,False
45456231412727229999,AWS-KOL-102,2025-03-14 06:00:00+00:00,FP_ADDED,False,,False,True
45456231412727229999,AWS-CHN-103,2025-03-14 06:00:00+00:00,FP_REMOVED,False,,True,False
45456231412727229999,AWS-DEL-103,2025-03-16 02:00:00+00:00,TP_REMOVED,True,frozen_value,True,False
45456231412727229999,AWS-MUM-102,2025-03-16 02:00:00+00:00,TP_REMOVED,True,frozen_value,True,False
45456231412727229999,AWS-DEL-102,2025-03-16 02:00:00+00:00,TP_REMOVED,True,frozen_value,True,False
45456231412727229999,AWS-MUM-007,2025-03-16 02:00:00+00:00,TP_REMOVED,True,frozen_value,True,False
45456231412727229999,AWS-DEL-101,2025-03-16 02:00:00+00:00,TP_REMOVED,True,frozen_value,True,False
45456231412727229999,AWS-DEL-103,2025-03-16 07:00:00+00:00,TP_REMOVED,True,frozen_value,True,False
45456231412727229999,AWS-CHN-024,2025-03-16 13:00:00+00:00,TP_REMOVED,True,frozen_value,True,False
45456231412727229999,AWS-CHN-024,2025-03-16 14:00:00+00:00,TP_REMOVED,True,frozen_value,True,False
45456231412727229999,AWS-KOL-101,2025-03-17 14:00:00+00:00,TP_REMOVED,True,drift,True,False
45456231412727229999,AWS-RAN-101,2025-03-23 10:00:00+00:00,TP_REMOVED,True,frozen_value,True,False
45456231412727229999,AWS-RAN-067,2025-03-23 10:00:00+00:00,TP_REMOVED,True,frozen_value,True,False
45456231412727229999,AWS-RAN-101,2025-03-23 11:00:00+00:00,TP_REMOVED,True,frozen_value,True,False
45456231412727229999,AWS-RAN-103,2025-03-23 11:00:00+00:00,TP_REMOVED,True,frozen_value,True,False
45456231412727229999,AWS-KOL-101,2025-03-23 22:00:00+00:00,TP_REMOVED,True,multivariate_inconsistency,True,False
45456231412727229999,AWS-CHN-103,2025-03-23 22:00:00+00:00,TP_REMOVED,True,multivariate_inconsistency,True,False
45456231412727229999,AWS-CHN-102,2025-03-23 22:00:00+00:00,TP_REMOVED,True,multivariate_inconsistency,True,False
45456231412727229999,AWS-KOL-015,2025-03-23 22:00:00+00:00,TP_REMOVED,True,multivariate_inconsistency,True,False
45456231412727229999,AWS-KOL-102,2025-03-23 22:00:00+00:00,TP_REMOVED,True,multivariate_inconsistency,True,False
45456231412727229999,AWS-KOL-103,2025-03-23 23:00:00+00:00,TP_REMOVED,True,multivariate_inconsistency,True,False
45456231412727229999,AWS-KOL-015,2025-03-23 23:00:00+00:00,TP_REMOVED,True,multivariate_inconsistency,True,False
45456231412727229999,AWS-CHN-102,2025-03-23 23:00:00+00:00,TP_REMOVED,True,multivariate_inconsistency,True,False
45456231412727229999,AWS-KOL-102,2025-03-23 23:00:00+00:00,TP_REMOVED,True,multivariate_inconsistency,True,False
45456231412727229999,AWS-KOL-101,2025-03-23 23:00:00+00:00,TP_REMOVED,True,multivariate_inconsistency,True,False
45456231412727229999,AWS-CHN-103,2025-03-23 23:00:00+00:00,TP_REMOVED,True,multivariate_inconsistency,True,False
45456231412727229999,AWS-MUM-007,2025-03-23 23:00:00+00:00,TP_REMOVED,True,multivariate_inconsistency,True,False
45456231412727229999,AWS-MUM-102,2025-03-24 00:00:00+00:00,TP_REMOVED,True,multivariate_inconsistency,True,False
45456231412727229999,AWS-MUM-007,2025-03-24 00:00:00+00:00,TP_REMOVED,True,multivariate_inconsistency,True,False
45456231412727229999,AWS-KOL-015,2025-03-24 00:00:00+00:00,TP_REMOVED,True,multivariate_inconsistency,True,False
45456231412727229999,AWS-CHN-102,2025-03-24 00:00:00+00:00,TP_REMOVED,True,multivariate_inconsistency,True,False
45456231412727229999,AWS-KOL-102,2025-03-24 00:00:00+00:00,TP_REMOVED,True,multivariate_inconsistency,True,False
45456231412727229999,AWS-KOL-103,2025-03-24 00:00:00+00:00,TP_REMOVED,True,multivariate_inconsistency,True,False
45456231412727229999,AWS-MUM-101,2025-03-24 00:00:00+00:00,TP_REMOVED,True,multivariate_inconsistency,True,False
45456231412727229999,AWS-KOL-101,2025-03-24 00:00:00+00:00,TP_REMOVED,True,multivariate_inconsistency,True,False
45456231412727229999,AWS-MUM-101,2025-03-24 01:00:00+00:00,TP_REMOVED,True,multivariate_inconsistency,True,False
45456231412727229999,AWS-KOL-102,2025-03-24 01:00:00+00:00,TP_REMOVED,True,multivariate_inconsistency,True,False
45456231412727229999,AWS-MUM-102,2025-03-24 01:00:00+00:00,TP_REMOVED,True,multivariate_inconsistency,True,False
45456231412727229999,AWS-MUM-007,2025-03-24 01:00:00+00:00,TP_REMOVED,True,multivariate_inconsistency,True,False
45456231412727229999,AWS-MUM-101,2025-03-24 03:00:00+00:00,FP_ADDED,False,,False,True
45456231412727229999,AWS-KOL-103,2025-03-24 20:00:00+00:00,TP_RECOVERED,True,multivariate_inconsistency,False,True
45456231412727229999,AWS-RAN-103,2025-03-25 06:00:00+00:00,TP_REMOVED,True,frozen_value,True,False
45456231412727229999,AWS-RAN-102,2025-03-25 06:00:00+00:00,TP_REMOVED,True,frozen_value,True,False
45456231412727229999,AWS-BHO-101,2025-03-25 23:00:00+00:00,TP_REMOVED,True,drift,True,False
45456231412727229999,AWS-BHO-103,2025-03-26 00:00:00+00:00,TP_REMOVED,True,drift,True,False
45456231412727229999,AWS-BHO-030,2025-03-26 00:00:00+00:00,TP_REMOVED,True,drift,True,False
45456231412727229999,AWS-BHO-102,2025-03-26 01:00:00+00:00,TP_REMOVED,True,drift,True,False
45456231412727229999,AWS-BHO-030,2025-03-26 02:00:00+00:00,TP_REMOVED,True,drift,True,False
45456231412727229999,AWS-CHN-103,2025-03-26 07:00:00+00:00,TP_RECOVERED,True,drift,False,True
45456231412727229999,AWS-CHN-103,2025-03-27 02:00:00+00:00,FP_REMOVED,False,,True,False
45456231412727229999,AWS-BHO-102,2025-03-27 15:00:00+00:00,TP_REMOVED,True,frozen_value,True,False
45456231412727229999,AWS-BHO-103,2025-03-27 15:00:00+00:00,TP_REMOVED,True,frozen_value,True,False
45456231412727229999,AWS-BHO-101,2025-03-27 16:00:00+00:00,TP_REMOVED,True,frozen_value,True,False
45456231412727229999,AWS-BHO-030,2025-03-27 16:00:00+00:00,TP_REMOVED,True,frozen_value,True,False
45456231412727229999,AWS-BHO-103,2025-03-27 16:00:00+00:00,TP_REMOVED,True,frozen_value,True,False
45456231412727229999,AWS-BHO-102,2025-03-27 17:00:00+00:00,TP_REMOVED,True,frozen_value,True,False
45456231412727229999,AWS-BHO-101,2025-03-27 17:00:00+00:00,TP_REMOVED,True,frozen_value,True,False
45456231412727229999,AWS-BHO-030,2025-03-27 17:00:00+00:00,TP_REMOVED,True,frozen_value,True,False
45456231412727229999,AWS-BHO-102,2025-03-28 01:00:00+00:00,FP_ADDED,False,,False,True
45456231412727229999,AWS-RAN-101,2025-03-28 15:00:00+00:00,TP_REMOVED,True,frozen_value,True,False
45456231412727229999,AWS-RAN-067,2025-03-28 15:00:00+00:00,TP_REMOVED,True,frozen_value,True,False
45456231412727229999,AWS-RAN-103,2025-03-28 15:00:00+00:00,TP_REMOVED,True,frozen_value,True,False
45456231412727229999,AWS-BHO-030,2025-03-30 17:00:00+00:00,FP_REMOVED,False,,True,False
