row_index,station_id,timestamp,ground_truth,fault_type,temp_c,press_hpa,hum_pct,s19_pred,s19_tier,s19_basis,s19_prior_temp,s19_dt,s22a_pred,s22a_tier,s22a_basis,s22a_prior_temp,s22a_dt
60,AWS-CHN-103,2025-03-05 02:00:00+00:00,False,,23.4,1004.1,99.0,True,2,TIER_2_ROC_CUSUM_TEMPERATURE_C,23.6,2.0,False,-1,NORMAL,23.5,1.0
71,AWS-DEL-101,2025-03-05 02:00:00+00:00,False,,15.0,991.3,59.0,True,1,TIER_1_SPIKE_TEMPERATURE_C,16.3,2.0,False,-1,NORMAL,15.6,1.0
84,AWS-MUM-103,2025-03-05 03:00:00+00:00,False,,26.3,1008.4,34.0,True,1,TIER_1_SPIKE_TEMPERATURE_C,27.6,2.0,False,-1,NORMAL,26.9,1.0
95,AWS-MUM-102,2025-03-05 03:00:00+00:00,False,,26.9,1008.0,33.0,True,1,TIER_1_SPIKE_TEMPERATURE_C,28.3,2.0,False,-1,NORMAL,27.5,1.0
120,AWS-CHN-103,2025-03-05 04:00:00+00:00,False,,23.4,1003.6,99.0,False,-1,NORMAL,23.6,4.0,True,2,TIER_2_ROC_CUSUM_TEMPERATURE_C,23.3,1.0
164,AWS-CHN-101,2025-03-05 05:00:00+00:00,False,,23.2,1007.1,100.0,False,-1,NORMAL,23.6,4.0,True,2,TIER_2_ROC_CUSUM_TEMPERATURE_C,23.0,1.0
187,AWS-KOL-102,2025-03-05 06:00:00+00:00,False,,23.4,1009.6,61.0,True,1,TIER_1_SPIKE_TEMPERATURE_C,25.0,5.0,False,-1,NORMAL,22.8,1.0
190,AWS-CHN-102,2025-03-05 06:00:00+00:00,False,,24.9,1007.6,94.0,False,-1,NORMAL,25.2,6.0,True,1,TIER_1_SPIKE_TEMPERATURE_C,23.5,1.0
198,AWS-KOL-103,2025-03-05 07:00:00+00:00,False,,24.2,1010.0,61.0,False,-1,NORMAL,23.5,7.0,True,1,TIER_1_SPIKE_TEMPERATURE_C,21.6,1.0
204,AWS-CHN-103,2025-03-05 07:00:00+00:00,False,,25.1,1005.4,90.0,True,1,TIER_1_SPIKE_TEMPERATURE_C,23.4,3.0,False,-1,NORMAL,24.6,1.0
208,AWS-CHN-024,2025-03-05 07:00:00+00:00,False,,25.8,1009.5,87.0,False,-1,NORMAL,26.0,7.0,True,1,TIER_1_SPIKE_TEMPERATURE_C,24.9,1.0
210,AWS-RAN-103,2025-03-05 07:00:00+00:00,False,,20.9,976.7,54.0,False,-1,NORMAL,21.1,7.0,True,1,TIER_1_SPIKE_TEMPERATURE_C,17.4,1.0
211,AWS-RAN-102,2025-03-05 07:00:00+00:00,False,,19.5,972.7,62.0,False,-1,NORMAL,19.8,6.0,True,1,TIER_1_SPIKE_TEMPERATURE_C,17.4,1.0
213,AWS-RAN-067,2025-03-05 07:00:00+00:00,False,,19.4,940.6,51.0,False,-1,NORMAL,19.4,6.0,True,1,TIER_1_SPIKE_TEMPERATURE_C,18.3,1.0
214,AWS-KOL-101,2025-03-05 07:00:00+00:00,False,,22.8,1010.8,66.0,False,-1,NORMAL,21.9,7.0,True,1,TIER_1_SPIKE_TEMPERATURE_C,20.3,1.0
218,AWS-KOL-015,2025-03-05 07:00:00+00:00,False,,24.2,1009.9,59.0,False,-1,NORMAL,24.9,7.0,True,1,TIER_1_SPIKE_TEMPERATURE_C,22.2,1.0
222,AWS-KOL-102,2025-03-05 07:00:00+00:00,False,,25.1,1010.2,54.0,False,-1,NORMAL,25.0,6.0,True,1,TIER_1_SPIKE_TEMPERATURE_C,23.4,1.0
232,AWS-MUM-007,2025-03-05 08:00:00+00:00,False,,26.0,1011.8,34.0,False,-1,NORMAL,26.6,5.0,True,1,TIER_1_SPIKE_TEMPERATURE_C,24.2,1.0
236,AWS-DEL-011,2025-03-05 08:00:00+00:00,False,,13.9,990.4,60.0,False,-1,NORMAL,14.6,6.0,True,1,TIER_1_SPIKE_TEMPERATURE_C,12.7,1.0
238,AWS-MUM-101,2025-03-05 08:00:00+00:00,False,,25.9,1011.3,37.0,False,-1,NORMAL,26.5,5.0,True,1,TIER_1_SPIKE_TEMPERATURE_C,23.6,1.0
246,AWS-DEL-103,2025-03-05 08:00:00+00:00,False,,14.3,989.6,58.0,False,-1,NORMAL,14.3,6.0,True,1,TIER_1_SPIKE_TEMPERATURE_C,12.8,1.0
250,AWS-DEL-102,2025-03-05 08:00:00+00:00,False,,13.3,989.1,64.0,False,-1,NORMAL,13.4,6.0,True,1,TIER_1_SPIKE_TEMPERATURE_C,11.7,1.0
257,AWS-BHO-030,2025-03-05 09:00:00+00:00,False,,19.4,961.3,34.0,False,-1,NORMAL,19.4,9.0,True,1,TIER_1_SPIKE_TEMPERATURE_C,16.8,1.0
261,AWS-VAR-103,2025-03-05 09:00:00+00:00,False,,21.0,1003.1,52.0,False,-1,NORMAL,20.5,9.0,True,1,TIER_1_SPIKE_TEMPERATURE_C,19.4,1.0
263,AWS-VAR-101,2025-03-05 09:00:00+00:00,False,,21.4,1003.8,50.0,False,-1,NORMAL,21.4,9.0,True,1,TIER_1_SPIKE_TEMPERATURE_C,19.8,1.0
267,AWS-BHO-103,2025-03-05 09:00:00+00:00,False,,19.5,966.8,39.0,False,-1,NORMAL,18.4,9.0,True,1,TIER_1_SPIKE_TEMPERATURE_C,17.0,1.0
274,AWS-VAR-102,2025-03-05 09:00:00+00:00,False,,21.2,1003.7,53.0,False,-1,NORMAL,20.3,8.0,True,1,TIER_1_SPIKE_TEMPERATURE_C,19.6,1.0
277,AWS-BHO-101,2025-03-05 09:00:00+00:00,False,,19.5,961.3,33.0,False,-1,NORMAL,18.5,9.0,True,1,TIER_1_SPIKE_TEMPERATURE_C,16.9,1.0
278,AWS-DEL-101,2025-03-05 09:00:00+00:00,False,,16.8,992.6,48.0,False,-1,NORMAL,16.3,9.0,True,1,TIER_1_SPIKE_TEMPERATURE_C,14.8,1.0
279,AWS-VAR-052,2025-03-05 09:00:00+00:00,False,,21.7,1003.8,49.0,False,-1,NORMAL,22.0,9.0,True,1,TIER_1_SPIKE_TEMPERATURE_C,20.1,1.0
377,AWS-CHN-024,2025-03-05 13:00:00+00:00,False,,33.9,1007.6,48.0,True,1,TIER_1_SPIKE_TEMPERATURE_C,25.8,6.0,False,-1,NORMAL,34.5,1.0
394,AWS-CHN-102,2025-03-05 14:00:00+00:00,False,,36.6,1005.6,28.0,True,1,TIER_1_SPIKE_TEMPERATURE_C,24.9,8.0,False,-1,NORMAL,37.2,1.0
425,AWS-KOL-101,2025-03-05 15:00:00+00:00,False,,30.7,1006.0,35.0,True,1,TIER_1_SPIKE_TEMPERATURE_C,22.8,8.0,False,-1,NORMAL,31.1,1.0
426,AWS-KOL-102,2025-03-05 15:00:00+00:00,False,,32.6,1005.2,27.0,True,1,TIER_1_SPIKE_TEMPERATURE_C,25.1,8.0,False,-1,NORMAL,33.0,1.0
427,AWS-VAR-102,2025-03-05 15:00:00+00:00,True,drift,25.8,998.9,23.424611625295675,True,1,TIER_1_SPIKE_TEMPERATURE_C,21.2,6.0,False,-1,NORMAL,25.9,1.0
432,AWS-KOL-103,2025-03-05 15:00:00+00:00,False,,31.5,1005.3,31.0,True,1,TIER_1_SPIKE_TEMPERATURE_C,24.2,8.0,False,-1,NORMAL,32.0,1.0
434,AWS-RAN-067,2025-03-05 15:00:00+00:00,True,drift,26.8,937.5,20.0,True,1,TIER_1_SPIKE_TEMPERATURE_C,19.4,8.0,False,-1,NORMAL,27.2,1.0
437,AWS-VAR-052,2025-03-05 15:00:00+00:00,True,drift,26.7,999.0,20.0,True,1,TIER_1_SPIKE_TEMPERATURE_C,21.7,6.0,False,-1,NORMAL,27.0,1.0
438,AWS-MUM-007,2025-03-05 15:00:00+00:00,True,drift,34.8,1008.1,28.423661778458406,True,1,TIER_1_SPIKE_TEMPERATURE_C,26.0,7.0,False,-1,NORMAL,35.4,1.0
441,AWS-KOL-015,2025-03-05 15:00:00+00:00,False,,32.1,1005.0,29.0,True,1,TIER_1_SPIKE_TEMPERATURE_C,24.2,8.0,False,-1,NORMAL,32.4,1.0
443,AWS-VAR-103,2025-03-05 15:00:00+00:00,True,drift,25.7,998.4,23.42452023771495,True,1,TIER_1_SPIKE_TEMPERATURE_C,21.0,6.0,False,-1,NORMAL,25.9,1.0
447,AWS-VAR-101,2025-03-05 15:00:00+00:00,True,drift,26.4,999.0,22.0,True,1,TIER_1_SPIKE_TEMPERATURE_C,21.4,6.0,False,-1,NORMAL,26.6,1.0
452,AWS-VAR-052,2025-03-05 16:00:00+00:00,True,drift,26.1,999.1,19.49720254120902,True,1,TIER_1_SPIKE_TEMPERATURE_C,21.7,7.0,False,-1,NORMAL,26.7,1.0
470,AWS-RAN-101,2025-03-05 16:00:00+00:00,True,drift,27.8,937.7,14.49678307277404,True,1,TIER_1_SPIKE_TEMPERATURE_C,20.6,15.0,False,-1,NORMAL,28.3,1.0
472,AWS-MUM-101,2025-03-05 16:00:00+00:00,True,drift,39.2,1006.6,7.496346494685891,True,1,TIER_1_SPIKE_TEMPERATURE_C,25.9,8.0,False,-1,NORMAL,39.8,1.0
473,AWS-DEL-102,2025-03-05 16:00:00+00:00,True,drift,22.2,985.6,29.49707699912674,True,1,TIER_1_SPIKE_TEMPERATURE_C,13.3,8.0,False,-1,NORMAL,22.4,1.0
475,AWS-VAR-101,2025-03-05 16:00:00+00:00,True,drift,25.8,999.1,21.497062214312873,True,1,TIER_1_SPIKE_TEMPERATURE_C,21.4,7.0,False,-1,NORMAL,26.4,1.0
507,AWS-KOL-102,2025-03-05 18:00:00+00:00,False,,29.6,1006.6,36.0,True,1,TIER_1_SPIKE_TEMPERATURE_C,25.1,11.0,False,-1,NORMAL,30.1,1.0
531,AWS-DEL-103,2025-03-05 18:00:00+00:00,True,drift,20.3,987.1,32.49032173799115,True,1,TIER_1_SPIKE_TEMPERATURE_C,14.3,10.0,False,-1,NORMAL,20.9,1.0
550,AWS-KOL-102,2025-03-05 19:00:00+00:00,False,,29.0,1007.3,40.0,True,1,TIER_1_SPIKE_TEMPERATURE_C,25.1,12.0,False,-1,NORMAL,29.6,1.0
