station_id,median_dt,mad_dt,p90_dt,p95_dt,p99_dt,max_dt,total_records
AWS-BHO-030,1.0,0.0,1.0,1.0,1.0,1.0,2160
AWS-BHO-101,1.0,0.0,1.0,1.0,1.0,1.0,2160
AWS-BHO-102,1.0,0.0,1.0,1.0,1.0,1.0,2160
AWS-BHO-103,1.0,0.0,1.0,1.0,1.0,1.0,2160
AWS-CHN-024,1.0,0.0,1.0,1.0,1.0,1.0,2160
AWS-CHN-101,1.0,0.0,1.0,1.0,1.0,1.0,2160
AWS-CHN-102,1.0,0.0,1.0,1.0,1.0,1.0,2160
AWS-CHN-103,1.0,0.0,1.0,1.0,1.0,1.0,2160
AWS-DEL-011,1.0,0.0,1.0,1.0,1.0,1.0,2160
AWS-DEL-101,1.0,0.0,1.0,1.0,1.0,1.0,2160
AWS-DEL-102,1.0,0.0,1.0,1.0,1.0,1.0,2160
AWS-DEL-103,1.0,0.0,1.0,1.0,1.0,1.0,2160
AWS-KOL-015,1.0,0.0,1.0,1.0,1.0,1.0,2160
AWS-KOL-101,1.0,0.0,1.0,1.0,1.0,1.0,2160
AWS-KOL-102,1.0,0.0,1.0,1.0,1.0,1.0,2160
AWS-KOL-103,1.0,0.0,1.0,1.0,1.0,1.0,2160
AWS-MUM-007,1.0,0.0,1.0,1.0,1.0,1.0,2160
AWS-MUM-101,1.0,0.0,1.0,1.0,1.0,1.0,2160
AWS-MUM-102,1.0,0.0,1.0,1.0,1.0,1.0,2160
AWS-MUM-103,1.0,0.0,1.0,1.0,1.0,1.0,1296
