seed,station_id,fault_type,episode_id,episode_pos,timestamp,temp_val,pres_val,hum_val,baseline_pred,step7_pred,oracle_onset_pred,clean_hist_pred,marker
42,AWS-CHN-024,drift,25,0,2025-03-19T08:00:00+00:00,29.5,1013.1,74.0,True,False,False,True,ONSET
42,AWS-CHN-024,drift,25,1,2025-03-19T09:00:00+00:00,31.3,1013.4760409124419,63.0,False,False,False,True,MISSED
42,AWS-CHN-024,drift,25,2,2025-03-19T10:00:00+00:00,32.6,1013.2275234143465,56.0,True,False,False,True,MISSED
42,AWS-CHN-024,drift,25,3,2025-03-19T11:00:00+00:00,33.2,1012.8614263321763,52.0,True,False,False,True,MISSED
42,AWS-CHN-024,drift,25,4,2025-03-19T12:00:00+00:00,33.4,1011.6804723329258,50.0,True,False,False,True,MISSED
42,AWS-CHN-024,drift,25,5,2025-03-19T13:00:00+00:00,33.3,1010.5862980998005,51.0,True,False,False,True,MISSED
42,AWS-CHN-024,drift,25,6,2025-03-19T14:00:00+00:00,32.7,1009.3800387813251,55.0,True,False,False,True,MISSED
42,AWS-CHN-024,drift,25,7,2025-03-19T15:00:00+00:00,32.0,1008.762545772743,60.0,False,False,False,True,MISSED
42,AWS-CHN-024,drift,25,8,2025-03-19T16:00:00+00:00,31.058684492051267,1008.5344904574051,64.0,False,False,False,True,MISSED
42,AWS-CHN-024,drift,25,9,2025-03-19T17:00:00+00:00,29.95180775459449,1008.5964211346005,69.0,False,False,False,True,MISSED
42,AWS-CHN-024,drift,25,10,2025-03-19T18:00:00+00:00,28.98691925303754,1009.1487973418004,77.0,True,False,False,True,MISSED
42,AWS-CHN-024,drift,25,11,2025-03-19T19:00:00+00:00,28.46760853800863,1009.9920119985967,78.0,True,False,False,True,MISSED
42,AWS-CHN-024,drift,25,12,2025-03-19T20:00:00+00:00,28.096243805562665,1010.9264064462261,79.0,True,False,False,True,MISSED
42,AWS-CHN-024,drift,25,13,2025-03-19T21:00:00+00:00,27.57457887634347,1011.3522810826402,79.0,True,False,False,True,MISSED
42,AWS-CHN-024,drift,25,14,2025-03-19T22:00:00+00:00,26.90399819894276,1011.5699031322597,81.0,True,False,False,True,MISSED
42,AWS-CHN-024,drift,25,15,2025-03-19T23:00:00+00:00,26.185640415181627,1011.179512477277,83.0,True,False,False,True,MISSED
42,AWS-CHN-024,drift,25,16,2025-03-20T00:00:00+00:00,25.420469300351865,1010.681326134238,85.0,True,False,False,True,MISSED
42,AWS-CHN-024,drift,25,17,2025-03-20T01:00:00+00:00,24.609318174298842,1009.8755417575308,87.0,True,False,False,True,MISSED
42,AWS-CHN-024,drift,25,18,2025-03-20T02:00:00+00:00,23.852919496888532,1009.3623404273023,87.0,True,False,False,True,MISSED
42,AWS-CHN-024,drift,25,19,2025-03-20T03:00:00+00:00,23.15192554807851,1008.8418889003716,85.0,True,False,False,True,MISSED
42,AWS-CHN-024,drift,25,20,2025-03-20T04:00:00+00:00,22.50692342754469,1008.8143414509142,84.0,True,False,False,True,MISSED
42,AWS-CHN-024,drift,25,21,2025-03-20T05:00:00+00:00,21.618446267322145,1009.2798413928149,84.0,True,False,False,True,MISSED
42,AWS-CHN-024,drift,25,22,2025-03-20T06:00:00+00:00,21.286981825019147,1009.5385223515274,83.0,True,False,False,True,MISSED
42,AWS-CHN-024,drift,25,23,2025-03-20T07:00:00+00:00,21.712979208903647,1009.9905093363476,76.0,True,False,False,True,MISSED
42,AWS-CHN-024,drift,25,24,2025-03-20T08:00:00+00:00,22.496854235806524,1010.4359196518675,66.0,False,False,False,False,MISSED
42,AWS-CHN-024,drift,25,25,2025-03-20T09:00:00+00:00,22.938993766079115,1010.5748636785198,59.0,True,False,False,False,MISSED
42,AWS-CHN-024,drift,25,26,2025-03-20T10:00:00+00:00,23.239759258363954,1010.3074455455687,51.0,True,False,False,True,MISSED
42,AWS-CHN-024,drift,25,27,2025-03-20T11:00:00+00:00,22.999489719270663,1009.1337637149906,47.0,True,True,False,True,DETECTED
42,AWS-CHN-024,drift,25,28,2025-03-20T12:00:00+00:00,33.6,1007.753911490946,45.0,True,True,True,True,DETECTED
42,AWS-CHN-024,drift,25,29,2025-03-20T13:00:00+00:00,33.3,1006.4679774666763,47.0,True,True,True,True,DETECTED
42,AWS-CHN-024,drift,25,30,2025-03-20T14:00:00+00:00,32.6,1005.1760459184293,51.0,True,True,True,True,DETECTED
42,AWS-CHN-024,drift,25,31,2025-03-20T15:00:00+00:00,31.7,1004.2781971542671,57.0,True,True,True,True,DETECTED
42,AWS-CHN-024,drift,25,32,2025-03-20T16:00:00+00:00,30.9,1003.7745078242293,61.0,True,True,False,True,DETECTED
42,AWS-CHN-024,drift,25,33,2025-03-20T17:00:00+00:00,30.0,1003.5650511972191,64.0,True,False,False,True,MISSED
42,AWS-CHN-024,drift,25,34,2025-03-20T18:00:00+00:00,29.4,1004.2498974090917,71.0,True,False,False,True,MISSED
42,AWS-CHN-024,drift,25,35,2025-03-20T19:00:00+00:00,29.1,1004.8291136857088,74.0,False,False,False,True,MISSED
42,AWS-CHN-024,drift,25,36,2025-03-20T20:00:00+00:00,29.0,1005.3027645441347,74.0,False,False,False,True,MISSED
42,AWS-CHN-024,drift,25,37,2025-03-20T21:00:00+00:00,28.7,1005.6709119746679,75.0,False,False,False,True,MISSED
42,AWS-CHN-024,drift,25,38,2025-03-20T22:00:00+00:00,28.5,1005.6336156060091,76.0,False,False,False,True,MISSED
42,AWS-CHN-024,drift,25,39,2025-03-20T23:00:00+00:00,28.3,1004.9909328555325,77.0,False,False,False,True,MISSED
42,AWS-CHN-024,drift,25,40,2025-03-21T00:00:00+00:00,28.1,1004.2429190663552,78.0,False,False,False,True,MISSED
42,AWS-CHN-024,drift,25,41,2025-03-21T01:00:00+00:00,28.0,1003.2896276326693,78.0,False,False,False,True,MISSED
42,AWS-CHN-024,drift,25,42,2025-03-21T02:00:00+00:00,27.9,1002.4311101146036,78.0,False,False,False,True,MISSED
42,AWS-CHN-024,sensor_fail_low,25,43,2025-03-21T03:00:00+00:00,-40.014828547676736,1001.867416343723,78.0,True,True,True,True,DETECTED
42,AWS-CHN-024,sensor_fail_low,25,44,2025-03-21T04:00:00+00:00,-39.99667270920704,1001.7985945201261,79.0,True,True,True,True,DETECTED
42,AWS-CHN-024,sensor_fail_low,25,45,2025-03-21T05:00:00+00:00,-40.03487119116502,1001.8246913019933,80.0,True,True,True,True,DETECTED
42,AWS-CHN-024,sensor_fail_low,25,46,2025-03-21T06:00:00+00:00,-39.95052080327026,1013.4,80.0,True,True,True,True,RECOVERY
42,AWS-CHN-101,drift,28,0,2025-03-21T07:00:00+00:00,28.8,1013.0,75.0,True,False,False,True,ONSET
42,AWS-CHN-101,drift,28,1,2025-03-21T08:00:00+00:00,30.5,1013.6,63.012325081283265,True,False,False,True,MISSED
42,AWS-CHN-101,drift,28,2,2025-03-21T09:00:00+00:00,32.0,1013.7,55.04314069465435,True,False,False,True,MISSED
42,AWS-CHN-101,drift,28,3,2025-03-21T10:00:00+00:00,33.3,1013.6,49.09160541662392,False,False,False,True,MISSED
42,AWS-CHN-101,drift,28,4,2025-03-21T11:00:00+00:00,34.1,1013.6451372144498,45.15729005178044,False,False,False,True,MISSED
42,AWS-CHN-101,drift,28,5,2025-03-21T12:00:00+00:00,34.4,1013.6346754622823,44.23990137288795,False,False,False,True,MISSED
42,AWS-CHN-101,drift,28,6,2025-03-21T13:00:00+00:00,34.2,1013.6208049085025,46.33921677677486,False,False,False,True,MISSED
42,AWS-CHN-101,drift,28,7,2025-03-21T14:00:00+00:00,33.6,1013.6465441849401,48.45505710591722,False,False,False,True,MISSED
42,AWS-CHN-101,drift,28,8,2025-03-21T15:00:00+00:00,32.5,1013.6408050551937,53.58727264275223,False,False,False,True,MISSED
42,AWS-CHN-101,drift,28,9,2025-03-21T16:00:00+00:00,31.4,1013.6025344654936,58.73573493021013,False,False,False,True,MISSED
42,AWS-CHN-101,drift,28,10,2025-03-21T17:00:00+00:00,30.0,1013.5685358490734,65.90033157752993,True,False,False,True,MISSED
42,AWS-CHN-101,drift,28,11,2025-03-21T18:00:00+00:00,28.8,1009.7,77.08096275612789,True,True,True,True,DETECTED
42,AWS-CHN-101,drift,28,12,2025-03-21T19:00:00+00:00,28.5,1010.1,80.2775387245034,True,True,True,True,DETECTED
42,AWS-CHN-101,drift,28,13,2025-03-21T20:00:00+00:00,28.2,1001.8060681595491,80.4899780156331,True,True,True,True,DETECTED
42,AWS-CHN-101,drift,28,14,2025-03-21T21:00:00+00:00,27.9,1011.4,82.7182060701484,True,False,False,True,MISSED
42,AWS-CHN-101,drift,28,15,2025-03-21T22:00:00+00:00,27.5,1011.5,84.96215418046373,True,False,False,True,MISSED
42,AWS-CHN-101,drift,28,16,2025-03-21T23:00:00+00:00,27.1,1011.2,87.22175865838297,True,False,False,True,MISSED
42,AWS-CHN-101,drift,28,17,2025-03-22T00:00:00+00:00,26.9,1010.7,89.49696016742216,True,False,False,True,MISSED
42,AWS-CHN-101,drift,28,18,2025-03-22T01:00:00+00:00,26.6,1009.9,91.78770317918948,True,False,False,True,MISSED
42,AWS-CHN-101,drift,28,19,2025-03-22T02:00:00+00:00,26.1,1009.4,96.09393552496437,True,False,False,True,MISSED
42,AWS-CHN-101,drift,28,20,2025-03-22T03:00:00+00:00,25.8,1009.1,97.4156080215373,True,False,False,True,MISSED
42,AWS-CHN-101,drift,28,21,2025-03-22T04:00:00+00:00,25.6,1009.1,98.75267415581969,True,False,False,True,MISSED
42,AWS-CHN-101,drift,28,22,2025-03-22T05:00:00+00:00,25.4,1009.1278183350481,100.0,True,False,False,True,MISSED
42,AWS-CHN-101,drift,28,23,2025-03-22T06:00:00+00:00,26.4,1009.1477798883172,97.47281306430291,True,False,True,True,MISSED
42,AWS-CHN-101,drift,28,24,2025-03-22T07:00:00+00:00,28.4,1009.144825323782,86.85580393255427,True,False,False,True,MISSED
42,AWS-CHN-101,drift,28,25,2025-03-22T08:00:00+00:00,30.1,1009.1321263744206,76.25402425496543,True,False,False,True,MISSED
42,AWS-CHN-101,drift,28,26,2025-03-22T09:00:00+00:00,31.6,1009.1297348280934,67.66743751401671,False,False,False,True,MISSED
42,AWS-CHN-101,drift,28,27,2025-03-22T10:00:00+00:00,32.8,1009.0791147950747,62.09600870789532,True,False,False,True,MISSED
42,AWS-CHN-101,drift,28,28,2025-03-22T11:00:00+00:00,33.2,1009.035701420902,61.539704232739346,True,False,False,True,MISSED
42,AWS-CHN-101,drift,28,29,2025-03-22T12:00:00+00:00,33.7,1010.6,59.99849177798402,True,True,True,True,DETECTED
42,AWS-CHN-101,drift,28,30,2025-03-22T13:00:00+00:00,33.9,1009.3,59.47234023294292,True,True,True,True,DETECTED
42,AWS-CHN-101,drift,28,31,2025-03-22T14:00:00+00:00,33.3,1008.6,59.96121960307766,True,True,True,True,DETECTED
42,AWS-CHN-101,drift,28,32,2025-03-22T15:00:00+00:00,31.0,1008.2,70.4651009346661,False,True,True,True,DETECTED
42,AWS-CHN-101,drift,28,33,2025-03-22T16:00:00+00:00,31.0,1008.0,72.98395624678649,False,True,True,True,DETECTED
42,AWS-CHN-101,drift,28,34,2025-03-22T17:00:00+00:00,30.2,1008.5,76.5177584697037,False,True,True,True,DETECTED
42,AWS-CHN-101,drift,28,35,2025-03-22T18:00:00+00:00,29.6,1009.4,80.06648138888127,False,True,True,True,DETECTED
42,AWS-CHN-101,sensor_fail_low,28,36,2025-03-22T19:00:00+00:00,29.0,-0.03355701386982906,84.63009959395785,True,True,True,True,DETECTED
42,AWS-CHN-101,sensor_fail_low,28,37,2025-03-22T20:00:00+00:00,29.0,0.015600473577562194,90.20858843211963,True,True,True,True,DETECTED
42,AWS-CHN-101,sensor_fail_low,28,38,2025-03-22T21:00:00+00:00,29.0,0.05776560180533481,92.80192396538044,True,True,True,True,DETECTED
42,AWS-CHN-101,sensor_fail_low,28,39,2025-03-22T22:00:00+00:00,29.0,0.03043807361122199,95.41008293134615,True,True,True,True,DETECTED
42,AWS-CHN-101,drift,28,40,2025-03-22T23:00:00+00:00,29.0,1011.6,99.03304270709609,True,False,False,True,MISSED
42,AWS-CHN-101,drift,28,41,2025-03-23T00:00:00+00:00,29.0,1011.1,100.0,True,False,False,True,MISSED
42,AWS-CHN-101,frozen_value,28,42,2025-03-23T01:00:00+00:00,29.0,1010.0,90.0,True,False,False,True,MISSED
42,AWS-CHN-101,frozen_value,28,43,2025-03-23T02:00:00+00:00,29.0,1009.4,91.0,True,False,False,True,MISSED
42,AWS-CHN-101,frozen_value,28,44,2025-03-23T03:00:00+00:00,29.0,1009.0,92.0,True,False,False,True,RECOVERY
42,AWS-CHN-101,drift,41,0,2025-03-28T00:00:00+00:00,25.8,1005.3,91.0,False,False,False,True,ONSET
42,AWS-CHN-101,drift,41,1,2025-03-28T01:00:00+00:00,25.346481366278915,1005.0,94.0,False,False,False,True,MISSED
42,AWS-CHN-101,drift,41,2,2025-03-28T02:00:00+00:00,24.992962732557828,1004.5,94.0,False,False,False,True,MISSED
42,AWS-CHN-101,drift,41,3,2025-03-28T03:00:00+00:00,25.239444098836742,1004.4,93.0,False,False,False,True,MISSED
42,AWS-CHN-101,drift,41,4,2025-03-28T04:00:00+00:00,25.38592546511566,1004.5,92.0,False,False,False,True,MISSED
42,AWS-CHN-101,drift,41,5,2025-03-28T05:00:00+00:00,25.232406831394574,1005.0,94.0,True,False,False,True,MISSED
42,AWS-CHN-101,drift,41,6,2025-03-28T06:00:00+00:00,26.878888197673486,1005.7,96.0,True,False,False,True,MISSED
42,AWS-CHN-101,drift,41,7,2025-03-28T07:00:00+00:00,29.1253695639524,1006.1,83.0,True,False,False,True,MISSED
42,AWS-CHN-101,drift,41,8,2025-03-28T08:00:00+00:00,32.171850930231315,1006.8,66.0,True,False,False,True,MISSED
42,AWS-CHN-101,drift,41,9,2025-03-28T09:00:00+00:00,35.11833229651023,1007.0135213004975,48.0,True,False,False,True,MISSED
42,AWS-CHN-101,drift,41,10,2025-03-28T10:00:00+00:00,37.66481366278915,1006.9518757916076,37.0,True,False,False,True,MISSED
42,AWS-CHN-101,drift,41,11,2025-03-28T11:00:00+00:00,39.51129502906806,1006.1142000865445,32.0,True,False,False,True,MISSED
42,AWS-CHN-101,drift,41,12,2025-03-28T12:00:00+00:00,41.05777639534698,1004.8000492025648,27.0,True,False,False,True,MISSED
42,AWS-CHN-101,drift,41,13,2025-03-28T13:00:00+00:00,41.20425776162589,1003.7091175321847,28.0,True,False,False,True,MISSED
42,AWS-CHN-101,drift,41,14,2025-03-28T14:00:00+00:00,40.950739127904804,1002.7411722099229,32.0,True,False,True,True,MISSED
42,AWS-CHN-101,drift,41,15,2025-03-28T15:00:00+00:00,39.19722049418372,1002.6960252730695,36.0,True,False,False,True,MISSED
42,AWS-CHN-101,drift,41,16,2025-03-28T16:00:00+00:00,38.143701860462635,1002.8735192690461,39.0,True,False,False,True,MISSED
42,AWS-CHN-101,drift,41,17,2025-03-28T17:00:00+00:00,36.090183226741544,1003.5735188283587,51.0,True,False,False,True,MISSED
42,AWS-CHN-101,drift,41,18,2025-03-28T18:00:00+00:00,35.33666459302046,1003.9959053017229,57.0,True,False,False,True,MISSED
42,AWS-CHN-101,drift,41,19,2025-03-28T19:00:00+00:00,33.88314595929938,1005.1405731354561,74.0,True,False,False,True,MISSED
42,AWS-CHN-101,drift,41,20,2025-03-28T20:00:00+00:00,33.329627325578286,1006.3074273071333,84.0,False,False,False,True,MISSED
42,AWS-CHN-101,drift,41,21,2025-03-28T21:00:00+00:00,32.976108691857206,1007.3963814449028,83.0,False,False,False,True,MISSED
42,AWS-CHN-101,drift,41,22,2025-03-28T22:00:00+00:00,32.52259005813612,1008.0073564074708,85.0,False,False,False,True,MISSED
42,AWS-CHN-101,drift,41,23,2025-03-28T23:00:00+00:00,31.969071424415034,1008.3402791858263,88.0,False,False,False,True,MISSED
42,AWS-CHN-101,drift,41,24,2025-03-29T00:00:00+00:00,31.51555279069395,1008.1950820364697,93.0,False,False,False,True,MISSED
42,AWS-CHN-101,drift,41,25,2025-03-29T01:00:00+00:00,31.06203415697286,1007.8717017854501,96.0,False,False,False,True,MISSED
42,AWS-CHN-101,drift,41,26,2025-03-29T02:00:00+00:00,30.808515523251774,1007.7700792611802,97.0,False,False,False,True,MISSED
42,AWS-CHN-101,drift,41,27,2025-03-29T03:00:00+00:00,30.85499688953069,1007.8901588261605,97.0,False,False,False,True,MISSED
42,AWS-CHN-101,drift,41,28,2025-03-29T04:00:00+00:00,30.801478255809606,1008.6318879859267,97.0,True,False,False,True,MISSED
42,AWS-CHN-101,drift,41,29,2025-03-29T05:00:00+00:00,30.84795962208852,1009.5952170591622,98.0,True,False,False,True,MISSED
42,AWS-CHN-101,drift,41,30,2025-03-29T06:00:00+00:00,32.394440988367435,1010.6800988968782,96.0,True,False,False,True,MISSED
42,AWS-CHN-101,drift,41,31,2025-03-29T07:00:00+00:00,34.74092235464635,1012.0864886414153,84.0,True,False,False,True,MISSED
42,AWS-CHN-101,drift,41,32,2025-03-29T08:00:00+00:00,38.18740372092527,1013.3143435180938,66.0,True,False,False,True,MISSED
42,AWS-CHN-101,drift,41,33,2025-03-29T09:00:00+00:00,41.83388508720418,1014.3636226538858,43.0,True,False,False,True,MISSED
42,AWS-CHN-101,dropout,41,34,2025-03-29T10:00:00+00:00,44.78036645348309,1014.6342869186407,,True,True,True,True,DETECTED
42,AWS-CHN-101,drift,41,35,2025-03-29T11:00:00+00:00,46.526847819762004,1014.426298785284,21.0,True,True,True,True,DETECTED
42,AWS-CHN-101,drift,41,36,2025-03-29T12:00:00+00:00,47.37332918604092,1013.7396222060886,21.0,True,True,True,True,DETECTED
42,AWS-CHN-101,drift,41,37,2025-03-29T13:00:00+00:00,47.71981055231984,1003.7,21.0,True,True,True,True,RECOVERY
42,AWS-CHN-024,frozen_value,27,0,2025-03-21T20:00:00+00:00,28.8,1011.7,77.0,False,False,False,True,ONSET
42,AWS-CHN-024,frozen_value,27,1,2025-03-21T21:00:00+00:00,28.6,1011.7,78.0,False,False,False,True,MISSED
42,AWS-CHN-024,frozen_value,27,2,2025-03-21T22:00:00+00:00,28.4,1011.7,79.0,True,False,False,True,MISSED
42,AWS-CHN-024,frozen_value,27,3,2025-03-21T23:00:00+00:00,28.2,1011.7,80.0,False,False,False,True,MISSED
42,AWS-CHN-024,frozen_value,27,4,2025-03-22T00:00:00+00:00,28.0,1011.7,83.0,False,False,False,True,MISSED
42,AWS-CHN-024,frozen_value,27,5,2025-03-22T01:00:00+00:00,27.8,1011.7,84.0,False,True,False,True,RECOVERY
42,AWS-CHN-024,frozen_value,28,0,2025-03-22T04:00:00+00:00,27.2,1010.0,86.0,False,False,False,True,ONSET
42,AWS-CHN-024,frozen_value,28,1,2025-03-22T05:00:00+00:00,27.0,1010.0278183350481,87.0,False,False,False,True,MISSED
42,AWS-CHN-024,frozen_value,28,2,2025-03-22T06:00:00+00:00,27.9,1010.0477798883172,83.0,False,False,False,True,MISSED
42,AWS-CHN-024,frozen_value,28,3,2025-03-22T07:00:00+00:00,28.7,1010.044825323782,79.0,False,False,False,True,MISSED
42,AWS-CHN-024,frozen_value,28,4,2025-03-22T08:00:00+00:00,29.9,1010.0321263744206,71.0,True,False,False,True,MISSED
42,AWS-CHN-024,frozen_value,28,5,2025-03-22T09:00:00+00:00,31.1,1010.0297348280934,64.0,True,False,False,True,MISSED
42,AWS-CHN-024,frozen_value,28,6,2025-03-22T10:00:00+00:00,32.0,1009.9791147950747,60.0,True,False,False,True,MISSED
42,AWS-CHN-024,frozen_value,28,7,2025-03-22T11:00:00+00:00,32.4,1009.935701420902,58.0,True,False,False,True,RECOVERY
42,AWS-CHN-024,frozen_value,29,0,2025-03-22T19:00:00+00:00,29.0,1011.6,78.0,False,False,False,True,ONSET
42,AWS-CHN-024,frozen_value,29,1,2025-03-22T20:00:00+00:00,29.0,1012.1,80.0,False,False,False,True,MISSED
42,AWS-CHN-024,frozen_value,29,2,2025-03-22T21:00:00+00:00,29.0,1012.5,82.0,True,False,False,True,MISSED
42,AWS-CHN-024,frozen_value,29,3,2025-03-22T22:00:00+00:00,29.0,1012.7,83.0,True,False,False,True,MISSED
42,AWS-CHN-024,frozen_value,29,4,2025-03-22T23:00:00+00:00,29.0,1012.5,84.0,False,False,False,True,MISSED
42,AWS-CHN-024,frozen_value,29,5,2025-03-23T00:00:00+00:00,29.0,1012.1,86.0,False,True,False,True,DETECTED
42,AWS-CHN-024,frozen_value,29,6,2025-03-23T01:00:00+00:00,29.0,1010.9,86.0,False,True,True,True,DETECTED
42,AWS-CHN-024,frozen_value,29,7,2025-03-23T02:00:00+00:00,29.0,1010.4,87.0,True,True,True,True,DETECTED
42,AWS-CHN-024,frozen_value,29,8,2025-03-23T03:00:00+00:00,29.0,1009.9,86.0,True,True,True,True,RECOVERY
