config,timestamp,val_t,exp_val_t,res_t,is_pred,tier,is_provisional
config_b,2025-03-06 23:00:00+00:00,26.4,,,True,1,False
config_b,2025-03-07 00:00:00+00:00,25.22664803672063,,,True,1,False
config_b,2025-03-07 01:00:00+00:00,24.153296073441254,,,True,1,False
config_b,2025-03-07 02:00:00+00:00,23.179944110161887,,,True,1,False
config_b,2025-03-07 03:00:00+00:00,22.106592146882516,,,True,1,False
config_b,2025-03-07 04:00:00+00:00,21.233240183603144,,,True,1,False
config_b,2025-03-07 05:00:00+00:00,20.55988822032377,,,True,1,False
config_b,2025-03-07 06:00:00+00:00,20.5865362570444,,,True,1,False
config_b,2025-03-07 07:00:00+00:00,21.61318429376503,,,True,1,False
config_b,2025-03-07 08:00:00+00:00,23.839832330485656,,,True,1,False
config_b,2025-03-07 09:00:00+00:00,25.766480367206285,,,True,1,False
config_b,2025-03-07 10:00:00+00:00,27.593128403926915,,,True,1,False
config_b,2025-03-07 11:00:00+00:00,28.619776440647545,,,True,1,False
config_b,2025-03-07 12:00:00+00:00,28.246424477368173,31.385640916107818,-3.139216438739645,False,-1,False
config_b,2025-03-07 13:00:00+00:00,27.373072514088804,34.725722737781055,-7.352650223692251,False,-1,True
config_b,2025-03-07 14:00:00+00:00,26.299720550809425,,,True,1,False
config_b,2025-03-07 15:00:00+00:00,24.82636858753006,,,True,1,False
config_b,2025-03-07 16:00:00+00:00,23.353016624250685,,,True,1,False
config_b,2025-03-07 17:00:00+00:00,21.579664660971314,,,True,1,False
config_b,2025-03-07 18:00:00+00:00,20.106312697691944,,,True,1,False
config_b,2025-03-07 19:00:00+00:00,19.43296073441257,25.696449129952928,-6.263488395540357,False,-1,True
config_b,2025-03-07 20:00:00+00:00,18.9596087711332,,,True,2,False
config_b,2025-03-07 21:00:00+00:00,18.486256807853827,22.339058566812287,-3.85280175895846,False,-1,False
config_b,2025-03-07 22:00:00+00:00,17.71290484457446,22.28674891064333,-4.573844066068869,False,-1,True
config_b,2025-03-07 23:00:00+00:00,17.13955288129509,24.927813588425522,-7.7882607071304335,False,-1,False
config_b,2025-03-08 00:00:00+00:00,16.466200918015716,24.981734517507313,-8.515533599491597,False,-1,True
config_b,2025-03-08 01:00:00+00:00,15.292848954736344,,,True,1,False
config_b,2025-03-08 02:00:00+00:00,14.419496991456972,,,True,1,False
config_b,2025-03-08 03:00:00+00:00,13.646145028177603,,,True,1,False
config_b,2025-03-08 04:00:00+00:00,23.5,,,True,1,False
config_b,2025-03-08 05:00:00+00:00,23.1,,,True,2,False
config_b,2025-03-08 06:00:00+00:00,23.5,31.48103169613153,-7.981031696131531,False,-1,False
config_b,2025-03-08 07:00:00+00:00,25.0,,,True,1,False
config_b,2025-03-09 17:00:00+00:00,28.5,,,True,1,False
config_b,2025-03-09 18:00:00+00:00,28.2,26.208417815201244,1.9915821847987552,False,-1,False
config_b,2025-03-09 19:00:00+00:00,28.2,25.612691365851962,2.5873086341480374,False,-1,False
config_b,2025-03-09 20:00:00+00:00,28.1,24.620365196102192,3.4796348038978095,False,-1,False
config_b,2025-03-09 21:00:00+00:00,28.0,22.549290487015735,5.450709512984265,False,-1,False
config_b,2025-03-09 22:00:00+00:00,27.9,22.58533147537328,5.314668524626718,False,-1,False
config_b,2025-03-09 23:00:00+00:00,27.5,,,True,1,False
config_b,2025-03-10 00:00:00+00:00,27.0,24.320031355474537,2.679968644525463,False,-1,False
config_b,2025-03-10 01:00:00+00:00,26.6,,,True,2,False
config_b,2025-03-10 02:00:00+00:00,26.4,24.87197122909426,1.5280287709057383,False,-1,False
config_b,2025-03-10 03:00:00+00:00,26.2,,,True,2,False
config_b,2025-03-10 04:00:00+00:00,26.2,,,True,2,False
config_b,2025-03-10 05:00:00+00:00,26.1,,,True,1,False
config_b,2025-03-10 06:00:00+00:00,38.513632946177026,,,True,1,False
config_b,2025-03-10 07:00:00+00:00,30.831876817871947,,,True,1,False
config_b,2025-03-10 08:00:00+00:00,29.597157715056127,,,True,1,False
config_b,2025-03-10 09:00:00+00:00,30.16450444942833,,,True,1,False
config_b,2025-03-10 10:00:00+00:00,30.61098244782795,19.25490780522386,11.356074642604092,False,-1,False
config_b,2025-03-10 11:00:00+00:00,30.8,,,True,2,False
config_b,2025-03-10 12:00:00+00:00,30.9,,,True,2,False
config_b,2025-03-10 13:00:00+00:00,31.1,,,True,2,False
config_b,2025-03-10 14:00:00+00:00,31.5,,,True,2,False
config_b,2025-03-10 15:00:00+00:00,30.7,,,True,1,False
config_b,2025-03-10 16:00:00+00:00,29.6,,,True,1,False
config_b,2025-03-10 17:00:00+00:00,28.5,,,True,1,False
config_b,2025-03-10 18:00:00+00:00,28.2,26.44094141855649,1.759058581443508,False,-1,False
config_b,2025-03-10 19:00:00+00:00,28.3,25.830141812298248,2.469858187701753,False,-1,False
config_b,2025-03-10 20:00:00+00:00,27.9,24.93640275323236,2.9635972467676375,False,-1,False
config_b,2025-03-10 21:00:00+00:00,28.0,23.183005853954892,4.816994146045108,False,-1,False
config_b,2025-03-10 22:00:00+00:00,27.7,23.20127049376988,4.49872950623012,False,-1,False
config_b,2025-03-10 23:00:00+00:00,27.4,25.615238798712713,1.784761201287285,False,-1,False
config_b,2025-03-11 00:00:00+00:00,27.4,24.97496180617629,2.4250381938237098,False,-1,False
config_b,2025-03-11 01:00:00+00:00,27.3,26.87678905456002,0.4232109454399797,False,-1,False
config_b,2025-03-11 02:00:00+00:00,27.2,,,True,2,False
config_b,2025-03-11 03:00:00+00:00,27.2,,,True,2,False
config_b,2025-03-11 04:00:00+00:00,27.2,,,True,2,False
config_b,2025-03-11 05:00:00+00:00,27.2,,,True,2,False
config_b,2025-03-11 06:00:00+00:00,27.2,31.517052945464783,-4.317052945464784,False,-1,False
config_b,2025-03-11 07:00:00+00:00,28.0,,,True,1,False
config_b,2025-03-11 08:00:00+00:00,29.0,,,True,1,False
config_b,2025-03-11 09:00:00+00:00,30.0,,,True,1,False
config_b,2025-03-11 10:00:00+00:00,27.0,,,True,1,False
config_b,2025-03-12 06:00:00+00:00,24.9,30.93527990113717,-6.035279901137173,False,-1,True
config_b,2025-03-12 07:00:00+00:00,25.441779941583565,29.72876601419715,-4.286986072613583,False,-1,False
config_b,2025-03-12 08:00:00+00:00,27.13410252578264,,,True,1,False
config_b,2025-03-12 09:00:00+00:00,28.665461991739832,,,True,1,False
config_b,2025-03-12 10:00:00+00:00,30.031038637890695,,,True,1,False
config_b,2025-03-12 11:00:00+00:00,30.32783934105468,,,True,2,False
config_b,2025-03-12 12:00:00+00:00,30.853740145844593,,,True,2,False
config_b,2025-03-12 13:00:00+00:00,31.20711938237928,,,True,2,False
config_b,2025-03-12 14:00:00+00:00,31.28667938329878,27.99466323041991,3.292016152878869,False,-1,False
config_b,2025-03-12 15:00:00+00:00,31.191347098518758,26.623561319347143,4.567785779171615,False,-1,False
config_b,2025-03-12 16:00:00+00:00,30.920213384302507,28.01283319420237,2.907380190100138,False,-1,False
config_b,2025-03-12 17:00:00+00:00,30.47249339010411,26.73383276056802,3.7386606295360885,False,-1,False
config_b,2025-03-12 18:00:00+00:00,30.147499386883,26.29463744106073,3.8528619458222693,False,-1,False
config_b,2025-03-12 19:00:00+00:00,29.84462138242005,25.83871038065034,4.005911001769711,False,-1,False
config_b,2025-03-12 20:00:00+00:00,30.06331284580639,25.130297324867524,4.933015520938866,False,-1,False
config_b,2025-03-12 21:00:00+00:00,30.303079915181556,,,True,2,False
config_b,2025-03-12 22:00:00+00:00,30.263473057034584,23.8219856827557,6.441487374278886,False,-1,False
config_b,2025-03-12 23:00:00+00:00,30.44408049794477,25.604928719703764,4.839151778241007,False,-1,False
config_b,2025-03-13 00:00:00+00:00,30.64452296758224,,,True,2,False
config_b,2025-03-13 01:00:00+00:00,30.764449431301255,26.6900327912532,4.074416640048057,False,-1,False
config_b,2025-03-13 02:00:00+00:00,31.003533582694214,26.127694947058075,4.875838635636139,False,-1,False
config_b,2025-03-13 03:00:00+00:00,31.361470928800884,,,True,2,False
config_b,2025-03-13 04:00:00+00:00,31.637976343860146,,,True,2,False
config_b,2025-03-13 05:00:00+00:00,32.23278199804204,,,True,2,False
config_b,2025-03-13 06:00:00+00:00,33.74563558960488,,,True,1,False
config_b,2025-03-13 07:00:00+00:00,35.27629882503665,,,True,1,False
config_b,2025-03-13 08:00:00+00:00,37.924546103716324,,,True,1,False
config_b,2025-03-13 09:00:00+00:00,40.89016337265185,,,True,1,False
config_b,2025-03-13 10:00:00+00:00,43.372947123730825,,,True,1,False
config_b,2025-03-13 11:00:00+00:00,45.272703511225515,,,True,1,False
config_b,2025-03-13 12:00:00+00:00,46.189247571427586,,,True,1,False
config_b,2025-03-13 13:00:00+00:00,33.1,,,True,1,False
config_b,2025-03-13 14:00:00+00:00,32.3,28.222456076812197,4.0775439231878,False,-1,True
config_b,2025-03-13 15:00:00+00:00,31.5,,,True,1,False
config_b,2025-03-13 16:00:00+00:00,30.5,,,True,1,False
config_b,2025-03-13 17:00:00+00:00,29.5,,,True,1,False
config_b,2025-03-13 18:00:00+00:00,28.3,,,True,1,False
config_b,2025-03-13 19:00:00+00:00,27.9,26.42860960773132,1.4713903922686775,False,-1,False
config_b,2025-03-13 20:00:00+00:00,27.7,25.79006034156634,1.909939658433661,False,-1,False
config_b,2025-03-13 21:00:00+00:00,27.3,,,True,1,False
config_b,2025-03-13 22:00:00+00:00,27.0,24.71610253304281,2.283897466957189,False,-1,False
config_b,2025-03-13 23:00:00+00:00,26.6,26.560718336064753,0.0392816639352489,False,-1,False
config_b,2025-03-14 00:00:00+00:00,26.1,26.242782652069874,-0.14278265206987228,False,-1,False
config_b,2025-03-14 01:00:00+00:00,25.7,,,True,2,False
config_b,2025-03-14 02:00:00+00:00,25.1,,,True,2,False
config_b,2025-03-14 03:00:00+00:00,24.8,,,True,1,False
config_b,2025-03-14 04:00:00+00:00,24.8,,,True,1,False
config_b,2025-03-14 05:00:00+00:00,24.7,,,True,1,False
config_b,2025-03-19 08:00:00+00:00,29.5,,,True,1,False
config_b,2025-03-19 09:00:00+00:00,31.3,,,True,1,False
config_b,2025-03-19 10:00:00+00:00,32.6,,,True,1,False
config_b,2025-03-19 11:00:00+00:00,33.2,,,True,2,False
config_b,2025-03-19 12:00:00+00:00,33.4,,,True,2,False
config_b,2025-03-19 13:00:00+00:00,33.3,29.35298106154823,3.947018938451766,False,-1,False
config_b,2025-03-19 14:00:00+00:00,32.7,29.365253736844956,3.334746263155047,False,-1,False
config_b,2025-03-19 15:00:00+00:00,32.0,30.189011020662335,1.8109889793376652,False,-1,True
config_b,2025-03-19 16:00:00+00:00,31.058684492051267,,,True,1,False
config_b,2025-03-19 17:00:00+00:00,29.95180775459449,,,True,1,False
config_b,2025-03-19 18:00:00+00:00,28.98691925303754,,,True,1,False
config_b,2025-03-19 19:00:00+00:00,28.46760853800863,20.693045225332767,7.774563312675863,False,-1,False
config_b,2025-03-19 20:00:00+00:00,28.096243805562665,22.306238009560477,5.790005796002188,False,-1,False
config_b,2025-03-19 21:00:00+00:00,27.57457887634347,21.377014426497507,6.197564449845963,False,-1,False
config_b,2025-03-19 22:00:00+00:00,26.90399819894276,19.497259544413637,7.406738654529121,False,-1,True
config_b,2025-03-19 23:00:00+00:00,26.185640415181627,26.968605452250536,-0.7829650370689087,False,-1,True
config_b,2025-03-20 00:00:00+00:00,25.420469300351865,,,True,2,False
config_b,2025-03-20 01:00:00+00:00,24.609318174298842,,,True,1,False
config_b,2025-03-20 02:00:00+00:00,23.852919496888532,,,True,1,False
config_b,2025-03-20 03:00:00+00:00,23.15192554807851,,,True,1,False
config_b,2025-03-20 04:00:00+00:00,22.50692342754469,,,True,1,False
config_b,2025-03-20 05:00:00+00:00,21.618446267322145,,,True,1,False
config_b,2025-03-20 06:00:00+00:00,21.286981825019147,,,True,2,False
config_b,2025-03-20 07:00:00+00:00,21.712979208903647,,,True,1,False
config_b,2025-03-20 08:00:00+00:00,22.496854235806524,,,True,1,False
config_b,2025-03-20 09:00:00+00:00,22.938993766079115,,,True,1,False
config_b,2025-03-20 10:00:00+00:00,23.239759258363954,,,True,1,False
config_b,2025-03-20 11:00:00+00:00,22.999489719270663,31.707440452433307,-8.707950733162644,False,-1,False
config_b,2025-03-20 12:00:00+00:00,33.6,,,True,1,False
config_b,2025-03-20 13:00:00+00:00,33.3,,,True,2,False
config_b,2025-03-20 14:00:00+00:00,32.6,28.851817753211208,3.7481822467887937,False,-1,True
config_b,2025-03-20 15:00:00+00:00,31.7,,,True,1,False
config_b,2025-03-20 16:00:00+00:00,30.9,,,True,1,False
config_b,2025-03-20 17:00:00+00:00,30.0,,,True,1,False
config_b,2025-03-20 18:00:00+00:00,29.4,28.55579489067967,0.8442051093203276,False,-1,True
config_b,2025-03-20 19:00:00+00:00,29.1,20.811687874962146,8.288312125037855,False,-1,False
config_b,2025-03-20 20:00:00+00:00,29.0,22.333428519688276,6.666571480311724,False,-1,False
config_b,2025-03-20 21:00:00+00:00,28.7,21.314057841671016,7.385942158328984,False,-1,False
config_b,2025-03-20 22:00:00+00:00,28.5,19.42455287188058,9.075447128119421,False,-1,False
config_b,2025-03-20 23:00:00+00:00,28.3,26.74694272542881,1.5530572745711915,False,-1,False
config_b,2025-03-21 00:00:00+00:00,28.1,25.504289547608284,2.5957104523917174,False,-1,False
config_b,2025-03-21 01:00:00+00:00,28.0,26.250491040606303,1.7495089593936974,False,-1,False
config_b,2025-03-21 02:00:00+00:00,27.9,,,True,2,False
config_b,2025-03-27 11:00:00+00:00,35.7,,,True,1,False
config_b,2025-03-27 12:00:00+00:00,35.9,,,True,2,False
config_b,2025-03-27 13:00:00+00:00,34.5,,,True,1,False
config_b,2025-03-27 14:00:00+00:00,34.2,,,True,2,False
config_b,2025-03-27 15:00:00+00:00,33.4,,,True,1,False
config_b,2025-03-27 16:00:00+00:00,32.2,,,True,1,False
config_b,2025-03-27 17:00:00+00:00,31.1,,,True,1,False
config_b,2025-03-27 18:00:00+00:00,29.8,,,True,1,False
config_b,2025-03-27 19:00:00+00:00,29.2,,,True,1,False
config_b,2025-03-27 20:00:00+00:00,29.1,27.240803228630423,1.8591967713695787,False,-1,False
config_b,2025-03-27 21:00:00+00:00,28.7,24.873040722885374,3.826959277114625,False,-1,False
config_b,2025-03-27 22:00:00+00:00,28.3,18.136483597005284,10.163516402994716,False,-1,False
config_b,2025-03-27 23:00:00+00:00,28.0,17.409191852617212,10.590808147382788,False,-1,False
config_b,2025-03-28 00:00:00+00:00,27.7,17.350670186437707,10.349329813562292,False,-1,False
config_b,2025-03-28 01:00:00+00:00,27.446371818781916,20.124742018670982,7.321629800110934,False,-1,False
config_b,2025-03-28 02:00:00+00:00,26.692743637563833,,,True,1,False
config_b,2025-03-28 03:00:00+00:00,26.43911545634575,,,True,2,False
config_b,2025-03-28 04:00:00+00:00,26.485487275127667,,,True,2,False
config_b,2025-03-28 05:00:00+00:00,26.631859093909583,,,True,2,False
config_b,2025-03-28 06:00:00+00:00,27.878230912691503,,,True,2,False
config_b,2025-03-28 07:00:00+00:00,29.324602731473423,,,True,1,False
config_b,2025-03-28 09:00:00+00:00,35.017346369037256,,,True,1,False
config_b,2025-03-28 10:00:00+00:00,37.46371818781917,,,True,1,False
config_b,2025-03-28 11:00:00+00:00,39.01009000660109,,,True,1,False
config_b,2025-03-28 12:00:00+00:00,38.95646182538301,,,True,2,False
config_b,2025-03-28 13:00:00+00:00,38.30283364416493,28.05545914820719,10.247374495957736,False,-1,True
config_b,2025-03-28 14:00:00+00:00,38.24920546294684,,,True,1,False
config_b,2025-03-28 15:00:00+00:00,37.39557728172876,,,True,1,False
config_b,2025-03-28 16:00:00+00:00,36.441949100510676,,,True,1,False
config_b,2025-03-28 17:00:00+00:00,35.18832091929259,,,True,1,False
config_b,2025-03-28 18:00:00+00:00,34.53469273807451,,,True,1,False
config_b,2025-03-28 19:00:00+00:00,34.18106455685643,27.89342892473426,6.287635632122168,False,-1,True
config_b,2025-03-28 20:00:00+00:00,34.12743637563834,27.594317854800433,6.533118520837906,False,-1,False
config_b,2025-03-28 21:00:00+00:00,34.07380819442026,25.195924749802337,8.877883444617922,False,-1,False
config_b,2025-03-28 22:00:00+00:00,33.72018001320218,18.564940566124715,15.155239447077467,False,-1,False
config_b,2025-03-28 23:00:00+00:00,33.56655183198409,17.938429858564554,15.628121973419539,False,-1,False
config_b,2025-03-29 04:00:00+00:00,31.998410925893683,,,True,1,False
config_b,2025-03-29 05:00:00+00:00,31.844782744675598,,,True,2,False
config_b,2025-03-29 06:00:00+00:00,33.191154563457516,,,True,1,False
config_b,2025-03-29 07:00:00+00:00,35.037526382239434,,,True,1,False
config_b,2025-03-29 08:00:00+00:00,37.78389820102135,,,True,1,False
config_b,2025-03-29 09:00:00+00:00,41.53027001980327,,,True,1,False
config_b,2025-03-29 10:00:00+00:00,44.376641838585186,,,True,1,False
config_b,2025-03-29 11:00:00+00:00,45.223013657367105,,,True,1,False
config_b,2025-03-29 12:00:00+00:00,45.56938547614902,,,True,2,False
config_b,2025-03-29 13:00:00+00:00,46.21575729493094,,,True,1,False
config_c,2025-03-06 23:00:00+00:00,26.4,,,True,1,False
config_c,2025-03-07 00:00:00+00:00,25.22664803672063,,,True,1,False
config_c,2025-03-07 01:00:00+00:00,24.153296073441254,,,True,1,False
config_c,2025-03-07 02:00:00+00:00,23.179944110161887,,,True,1,False
config_c,2025-03-07 03:00:00+00:00,22.106592146882516,,,True,1,False
config_c,2025-03-07 04:00:00+00:00,21.233240183603144,,,True,1,False
config_c,2025-03-07 05:00:00+00:00,20.55988822032377,,,True,1,False
config_c,2025-03-07 06:00:00+00:00,20.5865362570444,,,True,1,False
config_c,2025-03-07 07:00:00+00:00,21.61318429376503,,,True,1,False
config_c,2025-03-07 08:00:00+00:00,23.839832330485656,,,True,1,False
config_c,2025-03-07 09:00:00+00:00,25.766480367206285,,,True,1,False
config_c,2025-03-07 10:00:00+00:00,27.593128403926915,,,True,1,False
config_c,2025-03-07 11:00:00+00:00,28.619776440647545,,,True,1,False
config_c,2025-03-07 12:00:00+00:00,28.246424477368173,34.77638863626361,-6.529964158895439,False,-1,False
config_c,2025-03-07 13:00:00+00:00,27.373072514088804,28.246424477368173,-0.8733519632793687,False,-1,True
config_c,2025-03-07 14:00:00+00:00,26.299720550809425,,,True,1,False
config_c,2025-03-07 15:00:00+00:00,24.82636858753006,,,True,1,False
config_c,2025-03-07 16:00:00+00:00,23.353016624250685,,,True,1,False
config_c,2025-03-07 17:00:00+00:00,21.579664660971314,,,True,1,False
config_c,2025-03-07 18:00:00+00:00,20.106312697691944,,,True,1,False
config_c,2025-03-07 19:00:00+00:00,19.43296073441257,28.246424477368173,-8.813463742955602,False,-1,True
config_c,2025-03-07 20:00:00+00:00,18.9596087711332,,,True,2,False
config_c,2025-03-07 21:00:00+00:00,18.486256807853827,28.246424477368173,-9.760167669514345,False,-1,False
config_c,2025-03-07 22:00:00+00:00,17.71290484457446,18.486256807853827,-0.7733519632793673,False,-1,True
config_c,2025-03-07 23:00:00+00:00,17.13955288129509,18.486256807853827,-1.3467039265587388,False,-1,False
config_c,2025-03-08 00:00:00+00:00,16.466200918015716,17.13955288129509,-0.673351963279373,False,-1,True
config_c,2025-03-08 01:00:00+00:00,15.292848954736344,,,True,1,False
config_c,2025-03-08 02:00:00+00:00,14.419496991456972,,,True,1,False
config_c,2025-03-08 03:00:00+00:00,13.646145028177603,,,True,1,False
config_c,2025-03-08 04:00:00+00:00,23.5,,,True,1,False
config_c,2025-03-08 05:00:00+00:00,23.1,,,True,2,False
config_c,2025-03-08 06:00:00+00:00,23.5,17.13955288129509,6.360447118704911,False,-1,False
config_c,2025-03-08 07:00:00+00:00,25.0,,,True,1,False
config_c,2025-03-09 17:00:00+00:00,28.5,,,True,1,False
config_c,2025-03-09 18:00:00+00:00,28.2,-40.11456447542991,68.3145644754299,False,-1,False
config_c,2025-03-09 19:00:00+00:00,28.2,28.2,0.0,False,-1,False
config_c,2025-03-09 20:00:00+00:00,28.1,28.2,-0.09999999999999787,False,-1,False
config_c,2025-03-09 21:00:00+00:00,28.0,28.1,-0.10000000000000142,False,-1,False
config_c,2025-03-09 22:00:00+00:00,27.9,28.0,-0.10000000000000142,False,-1,False
config_c,2025-03-09 23:00:00+00:00,27.5,,,True,1,False
config_c,2025-03-10 00:00:00+00:00,27.0,27.9,-0.8999999999999986,False,-1,False
config_c,2025-03-10 01:00:00+00:00,26.6,,,True,2,False
config_c,2025-03-10 02:00:00+00:00,26.4,27.0,-0.6000000000000014,False,-1,False
config_c,2025-03-10 03:00:00+00:00,26.2,,,True,2,False
config_c,2025-03-10 04:00:00+00:00,26.2,,,True,2,False
config_c,2025-03-10 05:00:00+00:00,26.1,,,True,1,False
config_c,2025-03-10 06:00:00+00:00,38.513632946177026,,,True,1,False
config_c,2025-03-10 07:00:00+00:00,30.831876817871947,,,True,1,False
config_c,2025-03-10 08:00:00+00:00,29.597157715056127,,,True,1,False
config_c,2025-03-10 09:00:00+00:00,30.16450444942833,,,True,1,False
config_c,2025-03-10 10:00:00+00:00,30.61098244782795,26.4,4.210982447827952,False,-1,False
config_c,2025-03-10 11:00:00+00:00,30.8,,,True,2,False
config_c,2025-03-10 12:00:00+00:00,30.9,,,True,2,False
config_c,2025-03-10 13:00:00+00:00,31.1,,,True,2,False
config_c,2025-03-10 14:00:00+00:00,31.5,,,True,2,False
config_c,2025-03-10 15:00:00+00:00,30.7,,,True,1,False
config_c,2025-03-10 16:00:00+00:00,29.6,,,True,1,False
config_c,2025-03-10 17:00:00+00:00,28.5,,,True,1,False
config_c,2025-03-10 18:00:00+00:00,28.2,26.641271595111647,1.5587284048883525,False,-1,False
config_c,2025-03-10 19:00:00+00:00,28.3,29.49314445755004,-1.1931444575500407,False,-1,False
config_c,2025-03-10 20:00:00+00:00,27.9,33.114183995391656,-5.214183995391657,False,-1,False
config_c,2025-03-10 21:00:00+00:00,28.0,26.4,1.6000000000000014,False,-1,False
config_c,2025-03-10 22:00:00+00:00,27.7,28.0,-0.3000000000000007,False,-1,False
config_c,2025-03-10 23:00:00+00:00,27.4,27.7,-0.3000000000000007,False,-1,False
config_c,2025-03-11 00:00:00+00:00,27.4,27.4,0.0,False,-1,False
config_c,2025-03-11 01:00:00+00:00,27.3,23.5,3.8000000000000007,False,-1,False
config_c,2025-03-11 02:00:00+00:00,27.2,,,True,2,False
config_c,2025-03-11 03:00:00+00:00,27.2,,,True,2,False
config_c,2025-03-11 04:00:00+00:00,27.2,,,True,2,False
config_c,2025-03-11 05:00:00+00:00,27.2,,,True,2,False
config_c,2025-03-11 06:00:00+00:00,27.2,27.3,-0.10000000000000142,False,-1,False
config_c,2025-03-11 07:00:00+00:00,28.0,,,True,1,False
config_c,2025-03-11 08:00:00+00:00,29.0,,,True,1,False
config_c,2025-03-11 09:00:00+00:00,30.0,,,True,1,False
config_c,2025-03-11 10:00:00+00:00,27.0,,,True,1,False
config_c,2025-03-12 06:00:00+00:00,24.9,24.3,0.5999999999999979,False,-1,True
config_c,2025-03-12 07:00:00+00:00,25.441779941583565,29.244250526582633,-3.8024705849990674,False,-1,False
config_c,2025-03-12 08:00:00+00:00,27.13410252578264,,,True,1,False
config_c,2025-03-12 09:00:00+00:00,28.665461991739832,,,True,1,False
config_c,2025-03-12 10:00:00+00:00,30.031038637890695,,,True,1,False
config_c,2025-03-12 11:00:00+00:00,30.32783934105468,,,True,2,False
config_c,2025-03-12 12:00:00+00:00,30.853740145844593,,,True,2,False
config_c,2025-03-12 13:00:00+00:00,31.20711938237928,,,True,2,False
config_c,2025-03-12 14:00:00+00:00,31.28667938329878,29.961676730655924,1.3250026526428549,False,-1,False
config_c,2025-03-12 15:00:00+00:00,31.191347098518758,28.33331138338415,2.8580357151346085,False,-1,False
config_c,2025-03-12 16:00:00+00:00,30.920213384302507,27.324338212235354,3.595875172067153,False,-1,False
config_c,2025-03-12 17:00:00+00:00,30.47249339010411,28.87967199362213,1.5928213964819804,False,-1,False
config_c,2025-03-12 18:00:00+00:00,30.147499386883,26.403548697952015,3.7439506889309833,False,-1,False
config_c,2025-03-12 19:00:00+00:00,29.84462138242005,27.814997096210753,2.029624286209298,False,-1,False
config_c,2025-03-12 20:00:00+00:00,30.06331284580639,28.284826543515603,1.778486302290787,False,-1,False
config_c,2025-03-12 21:00:00+00:00,30.303079915181556,,,True,2,False
config_c,2025-03-12 22:00:00+00:00,30.263473057034584,30.06331284580639,0.20016021122819438,False,-1,False
config_c,2025-03-12 23:00:00+00:00,30.44408049794477,30.263473057034584,0.18060744091018677,False,-1,False
config_c,2025-03-13 00:00:00+00:00,30.64452296758224,,,True,2,False
config_c,2025-03-13 01:00:00+00:00,30.764449431301255,25.366619634304108,5.397829796997147,False,-1,False
config_c,2025-03-13 02:00:00+00:00,31.003533582694214,25.441779941583565,5.5617536411106485,False,-1,False
config_c,2025-03-13 03:00:00+00:00,31.361470928800884,,,True,2,False
config_c,2025-03-13 04:00:00+00:00,31.637976343860146,,,True,2,False
config_c,2025-03-13 05:00:00+00:00,32.23278199804204,,,True,2,False
config_c,2025-03-13 06:00:00+00:00,33.74563558960488,,,True,1,False
config_c,2025-03-13 07:00:00+00:00,35.27629882503665,,,True,1,False
config_c,2025-03-13 08:00:00+00:00,37.924546103716324,,,True,1,False
config_c,2025-03-13 09:00:00+00:00,40.89016337265185,,,True,1,False
config_c,2025-03-13 10:00:00+00:00,43.372947123730825,,,True,1,False
config_c,2025-03-13 11:00:00+00:00,45.272703511225515,,,True,1,False
config_c,2025-03-13 12:00:00+00:00,46.189247571427586,,,True,1,False
config_c,2025-03-13 13:00:00+00:00,33.1,,,True,1,False
config_c,2025-03-13 14:00:00+00:00,32.3,29.942670184056723,2.357329815943274,False,-1,True
config_c,2025-03-13 15:00:00+00:00,31.5,,,True,1,False
config_c,2025-03-13 16:00:00+00:00,30.5,,,True,1,False
config_c,2025-03-13 17:00:00+00:00,29.5,,,True,1,False
config_c,2025-03-13 18:00:00+00:00,28.3,,,True,1,False
config_c,2025-03-13 19:00:00+00:00,27.9,27.913829823826198,-0.013829823826199572,False,-1,False
config_c,2025-03-13 20:00:00+00:00,27.7,29.116085800750724,-1.416085800750725,False,-1,False
config_c,2025-03-13 21:00:00+00:00,27.3,,,True,1,False
config_c,2025-03-13 22:00:00+00:00,27.0,27.7,-0.6999999999999993,False,-1,False
config_c,2025-03-13 23:00:00+00:00,26.6,27.0,-0.3999999999999986,False,-1,False
config_c,2025-03-14 00:00:00+00:00,26.1,26.6,-0.5,False,-1,False
config_c,2025-03-14 01:00:00+00:00,25.7,,,True,2,False
config_c,2025-03-14 02:00:00+00:00,25.1,,,True,2,False
config_c,2025-03-14 03:00:00+00:00,24.8,,,True,2,False
config_c,2025-03-14 04:00:00+00:00,24.8,,,True,2,False
config_c,2025-03-14 05:00:00+00:00,24.7,,,True,2,False
config_c,2025-03-19 08:00:00+00:00,29.5,,,True,1,False
config_c,2025-03-19 09:00:00+00:00,31.3,,,True,1,False
config_c,2025-03-19 10:00:00+00:00,32.6,,,True,1,False
config_c,2025-03-19 11:00:00+00:00,33.2,,,True,2,False
config_c,2025-03-19 12:00:00+00:00,33.4,,,True,2,False
config_c,2025-03-19 13:00:00+00:00,33.3,28.987366240965866,4.3126337590341315,False,-1,False
config_c,2025-03-19 14:00:00+00:00,32.7,29.326044766522244,3.3739552334777585,False,-1,False
config_c,2025-03-19 15:00:00+00:00,32.0,28.62242830873081,3.377571691269189,False,-1,True
config_c,2025-03-19 16:00:00+00:00,31.058684492051267,,,True,1,False
config_c,2025-03-19 17:00:00+00:00,29.95180775459449,,,True,1,False
config_c,2025-03-19 18:00:00+00:00,28.98691925303754,,,True,1,False
config_c,2025-03-19 19:00:00+00:00,28.46760853800863,27.585543906916882,0.8820646310917475,False,-1,False
config_c,2025-03-19 20:00:00+00:00,28.096243805562665,28.642066637998624,-0.5458228324359595,False,-1,False
config_c,2025-03-19 21:00:00+00:00,27.57457887634347,28.701766791347104,-1.1271879150036348,False,-1,False
config_c,2025-03-19 22:00:00+00:00,26.90399819894276,27.57457887634347,-0.6705806774007108,False,-1,True
config_c,2025-03-19 23:00:00+00:00,26.185640415181627,27.57457887634347,-1.3889384611618425,False,-1,True
config_c,2025-03-20 00:00:00+00:00,25.420469300351865,,,True,2,False
config_c,2025-03-20 01:00:00+00:00,24.609318174298842,,,True,1,False
config_c,2025-03-20 02:00:00+00:00,23.852919496888532,,,True,1,False
config_c,2025-03-20 03:00:00+00:00,23.15192554807851,,,True,1,False
config_c,2025-03-20 04:00:00+00:00,22.50692342754469,,,True,1,False
config_c,2025-03-20 05:00:00+00:00,21.618446267322145,,,True,1,False
config_c,2025-03-20 06:00:00+00:00,21.286981825019147,,,True,2,False
config_c,2025-03-20 07:00:00+00:00,21.712979208903647,,,True,1,False
config_c,2025-03-20 08:00:00+00:00,22.496854235806524,,,True,1,False
config_c,2025-03-20 09:00:00+00:00,22.938993766079115,,,True,1,False
config_c,2025-03-20 10:00:00+00:00,23.239759258363954,,,True,1,False
config_c,2025-03-20 11:00:00+00:00,22.999489719270663,31.051153303096985,-8.051663583826322,False,-1,False
config_c,2025-03-20 12:00:00+00:00,33.6,,,True,1,False
config_c,2025-03-20 13:00:00+00:00,33.3,,,True,2,False
config_c,2025-03-20 14:00:00+00:00,32.6,29.23674713899838,3.363252861001623,False,-1,True
config_c,2025-03-20 15:00:00+00:00,31.7,,,True,1,False
config_c,2025-03-20 16:00:00+00:00,30.9,,,True,1,False
config_c,2025-03-20 17:00:00+00:00,30.0,,,True,1,False
config_c,2025-03-20 18:00:00+00:00,29.4,27.834263777536865,1.5657362224631335,False,-1,True
config_c,2025-03-20 19:00:00+00:00,29.1,27.592290507359557,1.5077094926404442,False,-1,False
config_c,2025-03-20 20:00:00+00:00,29.0,28.642453690205485,0.3575463097945146,False,-1,False
config_c,2025-03-20 21:00:00+00:00,28.7,28.701766791347104,-0.0017667913471051122,False,-1,False
config_c,2025-03-20 22:00:00+00:00,28.5,28.7,-0.1999999999999993,False,-1,False
config_c,2025-03-20 23:00:00+00:00,28.3,28.5,-0.1999999999999993,False,-1,False
config_c,2025-03-21 00:00:00+00:00,28.1,28.3,-0.1999999999999993,False,-1,False
config_c,2025-03-21 01:00:00+00:00,28.0,25.64301946463682,2.3569805353631814,False,-1,False
config_c,2025-03-21 02:00:00+00:00,27.9,,,True,2,False
config_c,2025-03-27 11:00:00+00:00,35.7,,,True,1,False
config_c,2025-03-27 12:00:00+00:00,35.9,,,True,2,False
config_c,2025-03-27 13:00:00+00:00,34.5,,,True,1,False
config_c,2025-03-27 14:00:00+00:00,34.2,,,True,2,False
config_c,2025-03-27 15:00:00+00:00,33.4,,,True,1,False
config_c,2025-03-27 16:00:00+00:00,32.2,,,True,1,False
config_c,2025-03-27 17:00:00+00:00,31.1,,,True,1,False
config_c,2025-03-27 18:00:00+00:00,29.8,,,True,1,False
config_c,2025-03-27 19:00:00+00:00,29.2,,,True,1,False
config_c,2025-03-27 20:00:00+00:00,29.1,28.340864328077682,0.7591356719223192,False,-1,False
config_c,2025-03-27 21:00:00+00:00,28.7,27.740706716538842,0.9592932834611574,False,-1,False
config_c,2025-03-27 22:00:00+00:00,28.3,28.7,-0.3999999999999986,False,-1,False
config_c,2025-03-27 23:00:00+00:00,28.0,28.3,-0.3000000000000007,False,-1,False
config_c,2025-03-28 00:00:00+00:00,27.7,28.0,-0.3000000000000007,False,-1,False
config_c,2025-03-28 01:00:00+00:00,27.446371818781916,25.52211050486579,1.9242613139161264,False,-1,False
config_c,2025-03-28 02:00:00+00:00,26.692743637563833,,,True,1,False
config_c,2025-03-28 03:00:00+00:00,26.43911545634575,,,True,2,False
config_c,2025-03-28 04:00:00+00:00,26.485487275127667,,,True,2,False
config_c,2025-03-28 05:00:00+00:00,26.631859093909583,,,True,2,False
config_c,2025-03-28 06:00:00+00:00,27.878230912691503,,,True,2,False
config_c,2025-03-28 07:00:00+00:00,29.324602731473423,,,True,1,False
config_c,2025-03-28 09:00:00+00:00,35.017346369037256,,,True,1,False
config_c,2025-03-28 10:00:00+00:00,37.46371818781917,,,True,1,False
config_c,2025-03-28 11:00:00+00:00,39.01009000660109,,,True,1,False
config_c,2025-03-28 12:00:00+00:00,38.95646182538301,,,True,2,False
config_c,2025-03-28 13:00:00+00:00,38.30283364416493,29.061186336299276,9.241647307865652,False,-1,True
config_c,2025-03-28 14:00:00+00:00,38.24920546294684,,,True,1,False
config_c,2025-03-28 15:00:00+00:00,37.39557728172876,,,True,1,False
config_c,2025-03-28 16:00:00+00:00,36.441949100510676,,,True,1,False
config_c,2025-03-28 17:00:00+00:00,35.18832091929259,,,True,1,False
config_c,2025-03-28 18:00:00+00:00,34.53469273807451,,,True,1,False
config_c,2025-03-28 19:00:00+00:00,34.18106455685643,27.82675297601044,6.354311580845987,False,-1,True
config_c,2025-03-28 20:00:00+00:00,34.12743637563834,28.23478514035398,5.892651235284358,False,-1,False
config_c,2025-03-28 21:00:00+00:00,34.07380819442026,27.740706716538842,6.333101477881417,False,-1,False
config_c,2025-03-28 22:00:00+00:00,33.72018001320218,34.07380819442026,-0.3536281812180775,False,-1,False
config_c,2025-03-28 23:00:00+00:00,33.56655183198409,33.72018001320218,-0.15362818121808886,False,-1,False
config_c,2025-03-29 04:00:00+00:00,31.998410925893683,,,True,1,False
config_c,2025-03-29 05:00:00+00:00,31.844782744675598,,,True,2,False
config_c,2025-03-29 06:00:00+00:00,33.191154563457516,,,True,1,False
config_c,2025-03-29 07:00:00+00:00,35.037526382239434,,,True,1,False
config_c,2025-03-29 08:00:00+00:00,37.78389820102135,,,True,1,False
config_c,2025-03-29 09:00:00+00:00,41.53027001980327,,,True,1,False
config_c,2025-03-29 10:00:00+00:00,44.376641838585186,,,True,1,False
config_c,2025-03-29 11:00:00+00:00,45.223013657367105,,,True,1,False
config_c,2025-03-29 12:00:00+00:00,45.56938547614902,,,True,2,False
config_c,2025-03-29 13:00:00+00:00,46.21575729493094,,,True,1,False
