channel,dt_hours,std_delta,mad_delta,var_delta,p95_abs_delta,p99_abs_delta
humidity_pct,1,5.716414303281603,3.85476,32.96544562122445,12.15,16.52600000000002
humidity_pct,2,10.490847343864834,7.635389999999999,111.35534430654684,22.015000000000008,28.839499999999965
humidity_pct,3,14.67398912961362,11.04537,218.37824538829688,30.109999999999992,38.88600000000001
humidity_pct,4,18.311751900832384,14.75187,340.84106298867397,36.825,46.74449999999996
humidity_pct,6,24.081598486783516,22.238999999999997,592.0124870915644,45.887499999999974,56.675999999999966
humidity_pct,8,27.91015113446333,28.799505,798.3473114045361,50.7,60.723499999999966
humidity_pct,12,30.471975672487975,38.62173,956.8614102720961,52.18249999999999,61.2055000000001
humidity_pct,18,24.759399557181467,24.055184999999998,624.3756544597225,46.85,57.84750000000004
humidity_pct,24,9.427722319173046,7.33887,91.42700496220877,19.975,30.430000000000017
humidity_pct,36,31.078623911771547,38.732925,993.2768400201751,54.48499999999999,63.2745
humidity_pct,48,11.466314801012082,9.26625,135.47436319247424,24.2,34.10599999999995
humidity_pct,72,12.407418388085144,10.52646,159.5518073942242,25.95,36.29700000000005
pressure_hpa,1,0.6727231250102699,0.7635390000000134,0.45363416161354,1.2149999999999932,1.45210000000001
pressure_hpa,2,1.265803746418023,1.4863064999999671,1.6076390915321639,2.285750000000002,2.6350000000000007
pressure_hpa,3,1.7785660335474582,2.090465999999961,3.175164714234302,3.185000000000009,3.655399999999994
pressure_hpa,4,2.1808267539979247,2.561191500000005,4.77446005666765,3.9262499999999876,4.483999999999998
pressure_hpa,6,2.5831466267832095,2.9726130000000057,6.698435996632571,4.640000000000019,5.346749999999984
pressure_hpa,8,2.4456707307891095,2.683505999999995,6.004957662555281,4.452250000000016,5.242450000000003
pressure_hpa,12,1.6951451242201383,1.9273800000000083,2.9424721292631317,3.1032499999999965,3.807649999999998
pressure_hpa,18,2.7884910015708537,3.098634000000005,7.7883474748836194,5.154499999999977,6.3458999999999905
pressure_hpa,24,1.4228502200450421,1.3899375000000167,2.1344449790604774,2.8675000000000024,3.688249999999998
pressure_hpa,36,2.3046294458770564,2.3091495000000237,5.498873118330192,4.508499999999994,5.987450000000007
pressure_hpa,48,2.081037168189229,2.027455500000044,4.59786132341639,4.2567499999999985,5.393800000000001
pressure_hpa,72,2.3628154034502384,2.2646714999999924,6.009605050120651,4.887749999999995,6.181950000000002
temperature_c,1,1.3231691248412394,0.8450820000000006,1.79516384140464,2.741499999999998,3.4124000000000008
temperature_c,2,2.5211629094372996,1.7161095000000006,6.529357090562452,5.171500000000001,6.396449999999998
temperature_c,3,3.6133840509325035,2.6316150000000005,13.416746345424523,7.284999999999999,8.943000000000001
temperature_c,4,4.588236926935503,3.6101310000000004,21.63572201859541,9.04475,10.890249999999991
temperature_c,6,6.164631948288792,5.452261499999999,39.07733576440201,11.445249999999998,13.44349999999999
temperature_c,8,7.226451794868977,7.3092179999999995,53.75245490551221,12.501249999999995,14.51279999999999
temperature_c,12,7.9651070751771895,11.163978,65.38531664817054,12.37325,13.860600000000005
temperature_c,18,6.21855673960293,5.789553,39.76119967920979,11.254499999999998,13.08065000000001
temperature_c,24,1.4907023559037385,1.3232204999999995,2.341309505876872,2.9875000000000003,4.322500000000004
temperature_c,36,8.062690541357359,11.0787285,67.01957844382154,12.848499999999998,14.677700000000002
temperature_c,48,2.019507660378019,1.9051409999999998,4.342179149268625,3.9639999999999973,5.564499999999994
temperature_c,72,2.2789894304411105,2.2869105000000003,5.558433735573865,4.403249999999999,6.092800000000007
