config_id,config_name,seed,tp,fp,fn,tn,precision,recall,f1,tier_counts
0,CONFIG 0: Original Locked Baseline Reference,42,12726,5130,183,105,71.27016129032258,98.58238438298861,82.73037542662117,"{'tier1': 16051, 'tier0': 1235, 'tier3': 569, 'tier2': 1}"
0,CONFIG 0: Original Locked Baseline Reference,101,12806,5011,214,113,71.87517539428634,98.3563748079877,83.05606900800986,"{'tier1': 15868, 'tier0': 1373, 'tier3': 576}"
0,CONFIG 0: Original Locked Baseline Reference,202,13066,4577,380,121,74.05769993765232,97.17388070801725,84.05545369744925,"{'tier1': 15683, 'tier0': 1269, 'tier3': 688, 'tier2': 3}"
0,CONFIG 0: Original Locked Baseline Reference,2024,13042,4729,216,157,73.3892296438017,98.37079499170312,84.06329562667183,"{'tier1': 15703, 'tier0': 1316, 'tier3': 752}"
0,CONFIG 0: Original Locked Baseline Reference,8888,12996,4900,186,62,72.61957979436747,98.58898497951752,83.63472552931336,"{'tier1': 16273, 'tier0': 1201, 'tier3': 422}"
0,CONFIG 0: Original Locked Baseline Reference,20260924,12937,4942,191,74,72.35863303316741,98.54509445460086,83.44567355758377,"{'tier1': 16193, 'tier0': 1232, 'tier3': 454}"
0,CONFIG 0: Original Locked Baseline Reference,45456231412727229999,12430,5557,93,64,69.10546505809751,99.25736644573983,81.48148148148147,"{'tier1': 16447, 'tier0': 1311, 'tier3': 229}"
1,CONFIG 1: Step 16 Locked Experimental Baseline (Static Mahalanobis),42,12767,5104,142,131,71.43976274411057,98.89999225346658,82.95646523716701,"{'tier3': 10427, 'tier0': 1235, 'tier2': 21, 'tier1': 6188}"
1,CONFIG 1: Step 16 Locked Experimental Baseline (Static Mahalanobis),101,12906,4996,114,128,72.09250363087924,99.12442396313365,83.47454886488586,"{'tier3': 10815, 'tier0': 1373, 'tier2': 17, 'tier1': 5697}"
1,CONFIG 1: Step 16 Locked Experimental Baseline (Static Mahalanobis),202,13229,4615,217,83,74.13696480609728,98.38613714115722,84.55736657078938,"{'tier3': 10855, 'tier0': 1269, 'tier1': 5712, 'tier2': 8}"
1,CONFIG 1: Step 16 Locked Experimental Baseline (Static Mahalanobis),2024,13047,4757,211,129,73.28128510447091,98.40850807059888,84.00618118601508,"{'tier3': 8743, 'tier0': 1316, 'tier1': 7728, 'tier2': 17}"
1,CONFIG 1: Step 16 Locked Experimental Baseline (Static Mahalanobis),8888,13023,4869,159,93,72.78672032193158,98.7938097405553,83.81927012936859,"{'tier3': 11450, 'tier0': 1201, 'tier1': 5217, 'tier2': 24}"
1,CONFIG 1: Step 16 Locked Experimental Baseline (Static Mahalanobis),20260924,13030,4951,98,65,72.46538012346365,99.2535039609994,83.76997010511427,"{'tier3': 12674, 'tier0': 1232, 'tier2': 19, 'tier1': 4056}"
1,CONFIG 1: Step 16 Locked Experimental Baseline (Static Mahalanobis),45456231412727229999,12393,5550,130,71,69.06871760575154,98.96191008544278,81.35626600144423,"{'tier3': 12384, 'tier0': 1311, 'tier1': 4237, 'tier2': 11}"
2,CONFIG 2: Step 18 Variant A (Instantaneous Innovation Covariance Sigma_Delta),42,12180,4561,729,674,72.75551042351114,94.35277713223333,82.15851602023608,"{'tier1': 15502, 'tier0': 1235, 'tier2': 4}"
2,CONFIG 2: Step 18 Variant A (Instantaneous Innovation Covariance Sigma_Delta),101,12310,4494,710,630,73.2563675315401,94.54685099846391,82.55096566523605,"{'tier1': 15425, 'tier0': 1373, 'tier2': 6}"
2,CONFIG 2: Step 18 Variant A (Instantaneous Innovation Covariance Sigma_Delta),202,12592,4145,854,553,75.2345103662544,93.64866874907035,83.43769671669482,"{'tier1': 15465, 'tier0': 1269, 'tier2': 3}"
2,CONFIG 2: Step 18 Variant A (Instantaneous Innovation Covariance Sigma_Delta),2024,12582,4256,676,630,74.72383893574059,94.90119173329312,83.61244019138756,"{'tier1': 15517, 'tier0': 1316, 'tier2': 3, 'tier3': 2}"
2,CONFIG 2: Step 18 Variant A (Instantaneous Innovation Covariance Sigma_Delta),8888,12443,4404,739,558,73.85884727251143,94.39387042937338,82.87322255153352,"{'tier1': 15644, 'tier0': 1201, 'tier2': 2}"
2,CONFIG 2: Step 18 Variant A (Instantaneous Innovation Covariance Sigma_Delta),20260924,12383,4441,745,575,73.60318592486922,94.32510664229129,82.68563034188034,"{'tier1': 15591, 'tier0': 1232, 'tier2': 1}"
2,CONFIG 2: Step 18 Variant A (Instantaneous Innovation Covariance Sigma_Delta),45456231412727229999,11779,4899,744,722,70.62597433745054,94.05893156591871,80.67531933837883,"{'tier1': 15363, 'tier0': 1311, 'tier3': 2, 'tier2': 2}"
3,CONFIG 3: Step 18 Variant B (Instantaneous Innovation Correlation R_Delta),42,12180,4561,729,674,72.75551042351114,94.35277713223333,82.15851602023608,"{'tier1': 15502, 'tier0': 1235, 'tier2': 4}"
3,CONFIG 3: Step 18 Variant B (Instantaneous Innovation Correlation R_Delta),101,12310,4494,710,630,73.2563675315401,94.54685099846391,82.55096566523605,"{'tier1': 15425, 'tier0': 1373, 'tier2': 6}"
3,CONFIG 3: Step 18 Variant B (Instantaneous Innovation Correlation R_Delta),202,12592,4145,854,553,75.2345103662544,93.64866874907035,83.43769671669482,"{'tier1': 15465, 'tier0': 1269, 'tier2': 3}"
3,CONFIG 3: Step 18 Variant B (Instantaneous Innovation Correlation R_Delta),2024,12582,4256,676,630,74.72383893574059,94.90119173329312,83.61244019138756,"{'tier1': 15517, 'tier0': 1316, 'tier2': 3, 'tier3': 2}"
3,CONFIG 3: Step 18 Variant B (Instantaneous Innovation Correlation R_Delta),8888,12443,4404,739,558,73.85884727251143,94.39387042937338,82.87322255153352,"{'tier1': 15644, 'tier0': 1201, 'tier2': 2}"
3,CONFIG 3: Step 18 Variant B (Instantaneous Innovation Correlation R_Delta),20260924,12383,4441,745,575,73.60318592486922,94.32510664229129,82.68563034188034,"{'tier1': 15591, 'tier0': 1232, 'tier2': 1}"
3,CONFIG 3: Step 18 Variant B (Instantaneous Innovation Correlation R_Delta),45456231412727229999,11779,4899,744,722,70.62597433745054,94.05893156591871,80.67531933837883,"{'tier1': 15363, 'tier0': 1311, 'tier3': 2, 'tier2': 2}"
4,CONFIG 4: Step 18 Variant C (Instantaneous Thermodynamic Co-directionality),42,12180,4561,729,674,72.75551042351114,94.35277713223333,82.15851602023608,"{'tier1': 15502, 'tier0': 1235, 'tier2': 4}"
4,CONFIG 4: Step 18 Variant C (Instantaneous Thermodynamic Co-directionality),101,12310,4494,710,630,73.2563675315401,94.54685099846391,82.55096566523605,"{'tier1': 15425, 'tier0': 1373, 'tier2': 6}"
4,CONFIG 4: Step 18 Variant C (Instantaneous Thermodynamic Co-directionality),202,12592,4145,854,553,75.2345103662544,93.64866874907035,83.43769671669482,"{'tier1': 15465, 'tier0': 1269, 'tier2': 3}"
4,CONFIG 4: Step 18 Variant C (Instantaneous Thermodynamic Co-directionality),2024,12578,4268,680,618,74.66460880921288,94.8710212701765,83.56364602710605,"{'tier1': 15519, 'tier0': 1316, 'tier2': 11}"
4,CONFIG 4: Step 18 Variant C (Instantaneous Thermodynamic Co-directionality),8888,12443,4404,739,558,73.85884727251143,94.39387042937338,82.87322255153352,"{'tier1': 15644, 'tier0': 1201, 'tier2': 2}"
4,CONFIG 4: Step 18 Variant C (Instantaneous Thermodynamic Co-directionality),20260924,12383,4441,745,575,73.60318592486922,94.32510664229129,82.68563034188034,"{'tier1': 15591, 'tier0': 1232, 'tier2': 1}"
4,CONFIG 4: Step 18 Variant C (Instantaneous Thermodynamic Co-directionality),45456231412727229999,11770,4899,753,722,70.61011458395825,93.98706380260322,80.63853110441217,"{'tier1': 15355, 'tier0': 1311, 'tier2': 3}"
