constant_name,value,file,category,dynamic_or_fixed,legitimate_basis,first_introduced,current_role,keep_conceptually,needs_dynamic_replacement
TEMPERATURE_FAIL_LOW_RAIL,-40.0 C (+/- 0.05),model/detect.py:90,PHYSICAL INVARIANT / HARDWARE RAIL,FIXED,YES - Pt100 / thermistor ADC disconnect floor / ground short rail,Legacy / Draft 1,Tier 0 electrical fail-low detection,YES,NO
PRESSURE_FAIL_LOW_RAIL,0.0 hPa (+/- 0.05),model/detect.py:92,PHYSICAL INVARIANT / HARDWARE RAIL,FIXED,YES - Piezoresistive pressure transducer 0V ground short rail,Legacy / Draft 1,Tier 0 electrical fail-low detection,YES,NO
HUMIDITY_FAIL_LOW_RAIL,0.0 % (+/- 0.05),model/detect.py:94,PHYSICAL INVARIANT / HARDWARE RAIL,FIXED,YES - Capacitive humidity transducer 0V ground short rail,Legacy / Draft 1,Tier 0 electrical fail-low detection,YES,NO
SENSOR_QUANTIZATION_FLOORS,"T=0.10 C, P=0.50 hPa, RH=1.00 %",model/uncertainty_budget.py:17,INSTRUMENT CHARACTERISTIC,FIXED,YES - AWS ADC quantization resolution / manufacturer spec floor,Path 2 Step 1,Lower bound on transducer precision and jump normalization,YES,NO
THERMODYNAMIC_PHYSICAL_BOUNDS,"T in [-40, 60], P in [300, 1100], RH in [0, 100], T_dew <= T_amb",model/cross_channel_covariance.py:15,PHYSICAL INVARIANT,FIXED,YES - Thermodynamic limits of Earth atmosphere and Clausius-Clapeyron,Legacy / Draft 1,Tier 0 physical impossibility check,YES,NO
SPIKE_SUB_QUANTIZATION_GATE,jump_mag < 2.5 * sensor_floor,model/detect.py:120,INSTRUMENT CHARACTERISTIC / NOISE GATE,FIXED MULTIPLIER (Dynamic Threshold),YES - Noise floor gating to prevent floating-point division on ADC noise,Path 2 Step 1,Early exit for sub-quantization ADC jitter,YES,NO
SPIKE_SIGMA_ADDITIVE_VARIANCE,"0.25 * max(0.5, dt_hours)",model/detect.py:123,TEMPORARY PLACEHOLDER / ARBITRARY CONSTANT,FIXED CONSTANT,PARTIAL / PLACEHOLDER - Fixed 0.25 variance added across all parameters,Path 2 Step 2 (as domain placeholder),Scale factor inside baseline sigma_jump = sqrt(2*floor^2 + 0.25*dt),NO,YES - Should scale with channel-specific physical quantization
SPIKE_WALD_UPPER_ALERT,WALD_UPPER_ALERT = ln((1-beta)/alpha) approx 6.16,"model/detect.py:38, sequential_sprt.py:28",STATISTICAL DECISION BOUNDARY,"DERIVED CONSTANT (from alpha=0.002, beta=0.05)",YES - Formal Wald SPRT boundary controlling Type I / Type II error rates,Path 2 Step 1,SPRT decision boundary for Tier 1 spike and Tier 2 drift,YES,NO (boundary is mathematically locked to false-alarm rate alpha)
SPIKE_Z_JUMP_THRESHOLD,z_jump >= 3.0,model/detect.py:129,STATISTICAL DECISION BOUNDARY,FIXED CONSTANT,STANDARD NORMAL 3-SIGMA (p < 0.00135 under H0),Path 2 Step 2 (replaced legacy |z| > 3.5),Dual gate with Wald LLR for instantaneous jump alert,YES,NO (or channel-calibrated)
FROZEN_EXACT_HOLD_RANGE,target_range < 1e-4 across len >= 5,model/detect.py:167,INSTRUMENT CHARACTERISTIC,FIXED,YES - Bit-exact float repeat across 5+ readings is impossible under thermal noise,Path 2 Step 1 (replaced legacy 0.055),Instant detection of digital frozen lock,YES,NO
FROZEN_WINDOW_LENGTH,K = 5 (recent_vals len >= 5),model/detect.py:159,OPERATIONAL POLICY / WINDOW SIZE,FIXED,YES - Minimum sample size for meaningful sample variance estimation,Path 2 Step 1,History window for variance collapse calculation,YES,NO
FROZEN_PRESSURE_CALMNESS_GUARD,peer_dispersion < 0.4 hPa -> penalize LLR,model/detect.py:181,TEMPORARY PLACEHOLDER / DOMAIN HEURISTIC,FIXED CONSTANT,METEOROLOGICAL - Barometric pressure can be naturally flat during high pressure,Path 2 Step 3,Suppresses false frozen alarm when entire region is calm,YES,YES - Should scale with regional peer dispersion quantiles
FROZEN_TARGET_VAR_UPPER_BOUND,target_var <= (1.2 * sensor_floor)^2,model/detect.py:185,STATISTICAL DECISION BOUNDARY,FIXED MULTIPLIER ON SENSOR FLOOR,YES - Requires target variance to be within 1.44x of ADC quantization floor,Path 2 Step 2,Confirms true variance collapse to ADC noise level,YES,NO
CUSUM_AUTOREGRESSIVE_PHI,"phi = 0.70 (temp), 0.85 (pres), 0.65 (hum)",model/sequential_sprt.py:22,DATA-DERIVED STATISTICAL QUANTITY,CALIBRATED CONSTANTS,YES - AR(1) autocorrelation coefficients estimated from clean training data,Path 2 Step 1,Residual pre-whitening before CUSUM accumulation,YES,NO
CUSUM_DRIFT_ALLOWANCE_K,k = 0.5 * sigma_t (allowance),model/sequential_sprt.py:54,STATISTICAL DECISION PARAMETER,DYNAMIC SCALE (0.5 * dynamic sigma),YES - Standard Page CUSUM reference value k = delta/2 = 0.5*sigma for shift=1.0*sigma,Path 2 Step 1,Slack allowance per step in Page CUSUM,YES,NO
DRIFT_PEER_DIRECTIONAL_BOOST,drift_llr *= 1.4 if (residual * peer_res) < 0 and |residual| > 2*sigma,model/detect.py:383,DOMAIN HEURISTIC / MULTIPLIER,FIXED MULTIPLIER,HEURISTIC - Boosts evidence when sensor moves opposite to peer network,Path 2 Step 2,Directional divergence acceleration in Tier 2,YES,NO
MAHALANOBIS_CHI2_CRITICAL_P,p_val < 0.001 (Chi2 3-dof critical threshold D^2 > 16.27),model/cross_channel_covariance.py:48,STATISTICAL DECISION BOUNDARY,THEORETICALLY DERIVED CONSTANT,YES - Chi-square distribution with 3 degrees of freedom at alpha=0.001,Path 2 Step 1,Tier 3 cross-channel anomaly gate,YES,NO
ISOLATION_FOREST_TAIL_Z,z_if > 3.0 and d_sq > 8.0,model/detect.py:447,STATISTICAL DECISION BOUNDARY,FIXED CONSTANT,HEURISTIC COMBINATION - Replaces legacy IF override (>70),Path 2 Step 2,Tier 4 multivariate inconsistency support,YES,"NO (acts purely as supported specialist, not raw detector)"
AMBIGUOUS_MAX_Z_THRESHOLD,max_z > 2.2 and len(neighbor_buffers) == 0,model/detect.py:467,STATISTICAL DECISION BOUNDARY,FIXED CONSTANT,HEURISTIC - Flags uncorroborated moderate innovations for review,Path 2 Step 2,Tier 5 ambiguity classification,YES,NO
HEALTH_CLEAN_STREAK_RECOVERY,clean_streak >= 3 -> HEALTHY,model/detect.py:66,OPERATIONAL POLICY,FIXED,YES - Debounce count to prevent rapid flapping between Healthy and Warning,Path 2 Step 1,Sensor recovery debounce,YES,NO
