bug_id,severity,category,title,file,status,verification
BUG-001,P1,API Contract Mismatch,"Backend 'risk_level: nominal' rejected by Frontend validators expecting ['low', 'medium', 'high', 'critical']",main.py / frontend/src/services/validators.ts,FIXED,All 5 sensor metric cards and network status overview render flawlessly with normalized low/medium/high/critical levels.
BUG-002,P1,Data Parsing / Timestamp Coercion,"history_store.py dropped 4,368 historical CSV rows due to strict ISO parsing format mismatch",history_store.py,FIXED,pd.to_datetime with format='mixed' parses mixed ISO timestamps. 10h trend chart renders full 10-hour curve.
BUG-003,P2,Runtime Dependency / Silent Fallback,"Missing Python 'websockets' library caused uvicorn /ws/live to return 404, silently forcing polling fallback",requirements.txt / environment,FIXED,websockets installed; WebSocket connection established on ws://127.0.0.1:8000/ws/live receiving live telemetry updates.
BUG-004,P1,Runtime Crash (AttributeError),POST /api/repair-sensor crashed with 500 error due to missing param_offline_reason attribute on SensorHealthTracker,model/state.py,FIXED,Replaced direct attribute assignment with hasattr guards and safe deque clearing. POST /api/repair-sensor returns HTTP 200 OK.
BUG-005,P3,Stale UI Terminology,Hardcoded database brand names and uncalibrated AI model labels displayed in operator console,frontend/src/components/layout/Header.tsx / AnomalyDetailModal.tsx,FIXED,"Neutral, scientifically rigorous terminology applied across operator dashboards and explainability views."
BUG-006,P2,WebSocket Event Contract,Edge observation ingestion broadcasted ANOMALY_DETECTED while frontend strictly listened for ANOMALY_EVENT,main.py / frontend/src/hooks/useDashboardData.ts,FIXED,Aligned broadcast payload to ANOMALY_EVENT with station_id and widened frontend to accept both event formats.
BUG-007,P2,Detector Logic Contradiction,Boolean contradiction in detect.py (neighbor_buffers and len(neighbor_buffers) == 0) caused unreachable ambiguity branch,model/detect.py,FIXED,Corrected logic condition to (neighbor_buffers is None or len(neighbor_buffers) == 0).
BUG-008,P2,Test Suite Import Mismatches,Retired helper functions and constants missing in model.detect caused 8 test files in tests/ to fail collection with ImportErrors,model/detect.py / tests/,FIXED,"Re-exported PHYSICAL_BOUNDS, PARAM_PREFIXES, score_reading, and added compatibility exports to model.detect."
BUG-009,P1,Database Schema / DDL Bootstrap,"HistoryStore lacked DDL creation, causing fresh TimescaleDB instances to fail on undefined relation 'sensor_readings'",history_store.py,FIXED,"Added _ensure_schema auto-bootstrap with hypertables, tables, and indices."
BUG-010,P1,Database Connection Pool Poisoning,"_get_db_conn returned severed/closed connections to pool without close=True, poisoning pool for subsequent workers",history_store.py,FIXED,Updated putconn with close=is_dead on broken sockets.
BUG-011,P1,Database Sync / Naive Timestamp Crash,"sync_csv_to_db called tz_convert('UTC') on naive timestamps, raising TypeError and aborting database synchronization",history_store.py,FIXED,Added timezone awareness check with tz_localize fallback.
BUG-012,P2,Database Update / Parameter Normalization,"mark_spike skipped TimescaleDB updates when parameter name was 'temp' instead of 'temperature_c', causing dual-store divergence",history_store.py,FIXED,Added canonical parameter normalization mapping in mark_spike.
BUG-013,P2,Database Data Retention & Purge,"clear_all only truncated sensor_readings table, leaving station_health_events unpurged in TimescaleDB",history_store.py,FIXED,Added station_health_events table truncation to clear_all.
BUG-014,P2,Analytics Freshness Semantic Bug,"useAnalyticsData evaluated freshness against historical telemetry timestamps instead of lastUpdated, falsely locking UI to 'DATA STALE'",frontend/src/hooks/useAnalyticsData.ts,FIXED,"Updated calculateFreshness to evaluate against lastUpdated query time, correctly reporting LIVE status during analytics inspection."
BUG-015,P2,Report Generator Action Semantic Disconnect,"generateReport action only updated timestamp without calling loadReportRawData, failing to fetch fresh telemetry when triggered",frontend/src/hooks/useReportData.ts,FIXED,"Updated generateReport to await loadReportRawData(), ensuring operator clicks pull fresh observations and recompile report."
BUG-016,P2,Case-Sensitivity Bug in Severity Aggregations,"deriveSeverityDistribution and deriveHighestSeverity failed to match uppercase/mixed-case severities (e.g. 'HIGH', 'CRITICAL')",frontend/src/utils/analytics.ts,FIXED,Added .toLowerCase() normalization across all severity derivations and comparisons in analytics engine.
BUG-017,P2,Anomaly Type Distribution Shorthand Mapping,"deriveTypeDistribution skipped shorthand anomaly names ('frozen', 'multivariate', 'bounds') returning 0 counts",frontend/src/utils/analytics.ts,FIXED,Added type alias mapping table normalizing shorthand anomaly types to standard AnomalyTypeDistribution keys.
BUG-018,P2,Spatial Lag & Peer Evidence Verification,Missing compute_continuous_peer_evidence on PeerSpatialEngine and buffer dataframe accessor caused peer safety suite failures,model/peer_spatial_engine.py / model/detect.py,FIXED,Implemented compute_continuous_peer_evidence with lag awareness and coherence factors; 38/38 unit tests pass.
